IATACode, 2019Passengers 
ATL," 106,893,692 "
PEK," 102,607,733 "
LAX," 85,353,489 "
DXB," 83,885,803 "
ORD," 82,178,586 "
LHR," 79,503,185 "
HND," 76,258,178 "
PVG," 75,796,080 "
CDG," 75,294,622 "
CAN," 73,324,707 "
HKG," 71,646,373 "
DFW," 71,323,860 "
AMS," 70,194,577 "
DEL," 69,584,339 "
FRA," 68,897,126 "
ICN," 68,525,506 "
SIN," 67,112,347 "
DEN," 66,933,964 "
IST," 65,543,666 "
BKK," 63,290,345 "
JFK," 62,508,366 "
KUL," 62,107,254 "
MAD," 61,113,285 "
CGK," 59,113,567 "
SFO," 55,466,611 "
CTU," 53,699,796 "
SZX," 53,032,086 "
BCN," 52,082,777 "
SEA," 49,908,383 "
MEX," 49,889,788 "
YYZ," 49,671,134 "
MCO," 49,176,047 "
LAS," 48,864,787 "
CLT," 48,355,004 "
SVO," 48,266,480 "
BOM," 48,013,340 "
TPE," 47,601,892 "
MNL," 47,127,119 "
MUC," 47,096,363 "
KMG," 46,841,760 "
EWR," 46,246,543 "
XIY," 45,891,309 "
SYD," 45,867,841 "
LGW," 45,744,616 "
SHA," 45,736,120 "
PHX," 44,618,187 "
IAH," 43,711,567 "
FCO," 43,468,941 "
GRU," 43,190,694 "
CKG," 43,175,921 "
MIA," 42,625,926 "
NRT," 42,141,129 "
BOS," 41,327,895 "
DMK," 41,067,387 "
SGN," 39,808,122 "
MEL," 38,432,860 "
HGH," 38,266,095 "
MSP," 38,230,943 "
DOH," 37,485,426 "
FLL," 36,192,221 "
DTW," 36,141,953 "
SAW," 35,126,937 "
JED," 34,854,963 "
BOG," 34,147,304 "
BLR," 33,919,198 "
DUB," 32,436,141 "
ZRH," 32,333,772 "
PHL," 32,243,699 "
ORY," 32,138,631 "
VIE," 31,140,162 "
LGA," 30,732,313 "
KIX," 30,659,625 "
LIS," 30,160,691 "
NKG," 29,486,274 "
CPH," 29,449,543 "
MAN," 29,219,442 "
MXP," 28,769,097 "
PMI," 28,634,273 "
CJU," 28,298,164 "
HAN," 28,229,136 "
STN," 27,907,304 "
OSL," 27,717,821 "
XMN," 27,158,687 "
CGO," 26,802,787 "
BWI," 26,333,575 "
DUS," 26,316,595 "
YVR," 26,309,396 "
BRU," 25,785,525 "
SLC," 25,586,374 "
WUH," 25,541,277 "
ATH," 25,365,138 "
ARN," 25,364,173 "
DME," 25,202,334 "
SAN," 25,181,897 "
LIM," 25,165,344 "
SCL," 25,033,390 "
RUH," 24,820,366 "
CSX," 24,678,185 "
TAO," 24,668,914 "
CUN," 24,667,412 "
BNE," 24,630,567 "
HYD," 24,627,017 "
TXL," 24,219,002 "
IAD," 23,797,703 "
DPS," 23,673,172 "
GMP," 23,652,691 "
URC," 23,583,373 "
HAK," 23,426,455 "
MAA," 23,306,436 "
AYT," 23,277,956 "
CCU," 23,264,543 "
DCA," 23,148,134 "
TSN," 22,949,315 "
TLV," 22,890,698 "
CGH," 22,689,601 "
FUK," 22,018,699 "
TPA," 21,784,105 "
HEL," 21,737,926 "
CTS," 21,555,919 "
JNB," 21,120,080 "
KWE," 20,576,521 "
AUH," 20,480,178 "
AKL," 20,466,631 "
HNL," 20,362,514 "
MDW," 20,199,351 "
HRB," 20,152,695 "
YUL," 20,128,465 "
OKA," 20,100,470 "
DLC," 19,726,630 "
PDX," 19,505,884 "
VKO," 19,445,189 "
AGP," 19,377,549 "
SHE," 19,374,337 "
SYX," 19,361,410 "
SUB," 18,658,631 "
GVA," 18,346,193 "
LTN," 18,140,663 "
CAI," 18,017,423 "
WAW," 17,705,245 "
BNA," 17,686,774 "
YYC," 17,557,153 "
HAM," 17,545,466 "
HKT," 17,433,998 "
LED," 17,134,803 "
PUS," 16,944,450 "
PRG," 16,856,847 "
BSB," 16,783,311 "
PTY," 16,712,033 "
AUS," 16,638,333 "
DAL," 15,987,376 "
TNA," 15,935,634 "
BUD," 15,771,966 "
MCT," 15,652,241 "
STL," 15,554,619 "
NNG," 15,343,612 "
SJC," 15,244,426 "
ITM," 15,095,287 "
KWI," 14,914,293 "
FOC," 14,790,233 "
EDI," 14,744,915 "
ALC," 14,734,423 "
GDL," 14,622,961 "
NCE," 14,409,391 "
OTP," 14,284,214 "
HOU," 14,032,458 "
LHW," 13,971,500 "
DAD," 13,935,325 "
GIG," 13,904,486 "
ESB," 13,875,201 "
BGY," 13,675,150 "
MSY," 13,631,606 "
RDU," 13,625,746 "
CGQ," 13,341,128 "
PER," 13,341,088 "
AEP," 13,206,463 "
OAK," 13,198,156 "
ADD," 13,165,751 "
TYN," 13,063,146 "
STR," 12,835,946 "
SMF," 12,804,522 "
BHX," 12,742,963 "
EZE," 12,697,876 "
OPO," 12,647,386 "
CEB," 12,621,020 "
KHN," 12,524,512 "
NGO," 12,407,406 "
CGN," 12,391,662 "
HET," 12,356,934 "
WNZ," 12,142,742 "
ZUH," 11,975,239 "
LPA," 11,931,251 "
AMD," 11,915,238 "
LYS," 11,713,459 "
ADB," 11,701,641 "
NGB," 11,608,578 "
VCE," 11,583,074 "
MCI," 11,482,345 "
HFE," 11,257,238 "
KBP," 11,223,092 "
CNX," 11,171,932 "
UPG," 11,141,200 "
SXF," 11,056,766 "
MTY," 10,802,977 "
DAC," 10,787,384 "
COK," 10,773,335 "
NAP," 10,724,313 "
CNF," 10,644,137 "
SJW," 10,592,327 "
CMN," 10,551,112 "
INC," 10,482,898 "
TFS," 10,400,202 "
VCP," 10,343,284 "
SHJ," 10,299,519 "
SNA," 10,286,917 "
CMB," 10,207,689 "
CPT," 10,191,720 "
CTA," 10,089,812 "
MRS," 10,038,462 "
SAT," 10,021,887 "
RSW," 9,950,211 "
CLE," 9,774,288 "
MFM," 9,760,608 "
BAH," 9,631,453 "
BKI," 9,502,766 "
TLS," 9,495,034 "
YNT," 9,484,792 "
PIT," 9,431,738 "
IND," 9,414,566 "
BLQ," 9,397,772 "
SJU," 9,345,700 "
PEN," 9,040,930 "
MDE," 9,001,596 "
SDU," 8,973,776 "
BRS," 8,943,589 "
ADL," 8,893,500 "
GLA," 8,775,620 "
CVG," 8,769,621 "
FAO," 8,730,888 "
TIJ," 8,679,207 "
REC," 8,671,451 "
GOI," 8,562,883 "
PNQ," 8,537,035 "
VLC," 8,442,574 "
CMH," 8,383,750 "
BSL," 8,379,798 "
THR," 8,378,080 "
BEY," 8,348,199 "
KRK," 8,280,616 "
AMM," 8,227,180 "
JJN," 8,223,823 "
POA," 8,170,187 "
KNO," 8,140,645 "
CRL," 8,116,110 "
DMM," 8,109,865 "
KWL," 8,073,899 "
YEG," 8,060,575 "
IBZ," 8,049,120 "
NBO," 7,950,232 "
WUX," 7,828,083 "
BOD," 7,825,968 "
KHH," 7,714,421 "
ALG," 7,665,577 "
JOG," 7,650,414 "
SVQ," 7,578,663 "
OGG," 7,560,793 "
SSA," 7,469,132 "
RIX," 7,280,502 "
MLA," 7,217,101 "
KEF," 7,191,452 "
SWA," 7,190,275 "
FOR," 7,187,111 "
MED," 7,178,629 "
NTE," 7,170,709 "
XNN," 7,099,438 "
ACE," 6,979,532 "
SOF," 6,963,889 "
JAX," 6,931,436 "
LCA," 6,904,866 "
LJG," 6,892,636 "
CHC," 6,874,486 "
RGN," 6,872,121 "
PUJ," 6,841,781 "
PMO," 6,819,276 "
PBI," 6,816,931 "
SKG," 6,805,688 "
MKE," 6,797,626 "
KTM," 6,794,242 "
KHI," 6,743,360 "
TSA," 6,735,329 "
BDL," 6,705,110 "
CXR," 6,692,392 "
HLP," 6,642,868 "
LIN," 6,562,480 "
OOL," 6,550,846 "
LOS," 6,523,251 "
PNH," 6,495,219 "
WLG," 6,490,298 "
GOT," 6,474,152 "
RAK," 6,465,922 "
BPN," 6,457,597 "
GAU," 6,444,321 "
CWB," 6,404,129 "
HER," 6,359,571 "
TUN," 6,352,658 "
BFS," 6,311,808 "
BGO," 6,295,046 "
OVB," 6,282,327 "
EIN," 6,246,233 "
IKA," 6,158,411 "
HAJ," 6,126,444 "
KCH," 6,075,980 "
BUR," 5,983,659 "
CIA," 5,934,023 "
TFN," 5,867,989 "
BIO," 5,854,377 "
LKO," 5,755,619 "
BEG," 5,754,355 "
AER," 5,723,053 "
HAV," 5,698,703 "
KOJ," 5,624,711 "
ALA," 5,603,034 "
DUR," 5,593,789 "
SJO," 5,579,190 "
BRI," 5,578,022 "
PSA," 5,508,061 "
ONT," 5,471,686 "
CTG," 5,467,911 "
CLO," 5,440,490 "
ANC," 5,436,694 "
SVX," 5,423,272 "
JAI," 5,409,687 "
NAY," 5,381,134 "
SJD," 5,344,065 "
UIO," 5,335,389 "
ISB," 5,305,676 "
YOW," 5,286,264 "
ABQ," 5,246,967 "
FUE," 5,230,082 "
NCL," 5,187,501 "
LCY," 5,174,544 "
GDN," 5,138,907 "
MLE," 5,138,735 "
CNS," 5,105,812 "
BTH," 5,102,801 "
JHG," 5,081,714 "
LPL," 5,034,632 "
PLM," 4,992,539 "
OMA," 4,960,315 "
ADA," 4,959,546 "
BUF," 4,936,861 "
SRG," 4,895,409 "
SAL," 4,892,963 "
PVR," 4,819,812 "
TAE," 4,819,186 "
LHE," 4,797,743 "
CAG," 4,785,045 "
CHS," 4,747,310 "
LXA," 4,713,453 "
EMA," 4,702,106 "
MBJ," 4,680,829 "
MEM," 4,663,801 "
JHB," 4,630,222 "
SIP," 4,606,917 "
HRG," 4,596,959 "
DVO," 4,563,003 "
PAT," 4,535,850 "
REP," 4,495,468 "
TAS," 4,422,246 "
MSQ," 4,412,642 "
TSE," 4,389,848 "
RIC," 4,379,183 "
GYD," 4,374,717 "
YWG," 4,357,894 "
VNO," 4,355,961 "
RNO," 4,347,453 "
TRD," 4,312,365 "
OKC," 4,298,654 "
LUX," 4,271,812 "
KRR," 4,255,338 "
YHZ," 4,250,754 "
CRK," 4,209,790 "
RHO," 4,184,841 "
SDQ," 4,157,871 "
SDF," 4,130,552 "
BOI," 4,116,610 "
ABV," 4,110,600 "
SVG," 4,108,854 "
NUE," 4,088,807 "
ORF," 4,063,086 "
BBI," 4,059,867 "
TRN," 4,057,459 "
MHD," 4,047,866 "
BVA," 4,020,847 "
GYE," 4,005,382 "
LBA," 4,000,937 "
PNK," 3,980,877 "
DLM," 3,970,716 "
PVD," 3,966,327 "
TRV," 3,938,500 "
MIG," 3,938,172 "
CUZ," 3,902,008 "
GEG," 3,888,506 "
TBS," 3,847,816 "
NAS," 3,824,229 "
AHB," 3,822,444 "
KOA," 3,795,347 "
HDY," 3,774,748 "
ECN," 3,774,631 "
MRU," 3,763,471 "
KBV," 3,763,262 "
FLN," 3,763,030 "
GUM," 3,745,017 "
BJV," 3,683,024 "
KTW," 3,675,405 "
TUS," 3,668,314 "
TZX," 3,630,047 "
CCJ," 3,613,240 "
GRR," 3,582,595 "
CZX," 3,575,215 "
PKU," 3,540,594 "
BEL," 3,526,723 "
VRN," 3,504,914 "
BDJ," 3,496,493 "
PDG," 3,491,869 "
LGB," 3,486,258 "
VVI," 3,477,271 "
ELP," 3,437,097 "
TSF," 3,426,206 "
COR," 3,415,790 "
TIA," 3,412,110 "
ZAG," 3,378,569 "
PQC," 3,375,671 "
MAH," 3,349,313 "
IXB," 3,346,595 "
BGW," 3,339,960 "
CBR," 3,316,509 "
SDJ," 3,310,051 "
GUA," 3,269,418 "
NAG," 3,258,134 "
VIX," 3,252,856 "
VNS," 3,224,518 "
LIH," 3,223,957 "
POS," 3,206,800 "
LOP," 3,206,000 "
WRO," 3,185,753 "
BDO," 3,183,514 "
GYN," 3,177,287 "
IDR," 3,175,633 "
VVO," 3,159,806 "
CJB," 3,152,576 "
BLL," 3,149,345 "
SFB," 3,136,784 "
OLB," 3,087,470 "
KNH," 3,084,174 "
KRT," 3,082,656 "
WMI," 3,063,370 "
MZG," 3,063,275 "
SPU," 3,063,164 "
ZHA," 3,049,134 "
KMJ," 3,046,930 "
BHM," 3,042,018 "
ALB," 3,041,722 "
SXR," 3,036,320 "
TUL," 3,029,281 "
NTG," 3,023,399 "
SUF," 3,014,337 "
EVN," 3,012,918 "
UKB," 2,997,324 "
LGK," 2,995,969 "
CGB," 2,959,999 "
MYJ," 2,957,327 "
RMQ," 2,955,960 "
NGS," 2,953,709 "
MAO," 2,953,381 "
KIV," 2,945,653 "
VTZ," 2,933,543 "
YIH," 2,931,862 "
SAV," 2,931,109 "
KZN," 2,924,751 "
CFU," 2,923,640 "
CCS," 2,897,854 "
YTZ," 2,895,092 "
FNC," 2,890,064 "
HIJ," 2,875,902 "
DSM," 2,874,857 "
TLL," 2,874,641 "
ILO," 2,864,962 "
SCQ," 2,860,657 "
FLR," 2,855,139 "
CEI," 2,838,785 "
PFO," 2,835,643 "
ROV," 2,834,417 "
MDC," 2,827,216 "
CJJ," 2,814,909 "
SZB," 2,813,650 "
ACC," 2,813,125 "
HBA," 2,802,091 "
ATQ," 2,797,855 "
WEH," 2,793,882 "
DJJ," 2,760,181 "
CLJ," 2,754,203 "
LPB," 2,753,575 "
DYG," 2,748,004 "
MID," 2,734,840 "
DBV," 2,729,472 "
XUZ," 2,728,197 "
BAQ," 2,720,493 "
DTM," 2,720,203 "
AUA," 2,714,119 "
BJX," 2,691,570 "
HUZ," 2,686,863 "
BDS," 2,652,033 "
IEV," 2,628,973 "
PSP," 2,627,646 "
KUF," 2,626,652 "
BMA," 2,615,410 "
KMI," 2,612,574 "
MYR," 2,584,760 "
ROC," 2,581,217 "
SYR," 2,568,727 "
ORK," 2,560,180 "
UFA," 2,557,631 "
IXR," 2,550,420 "
YTY," 2,549,626 "
DSS," 2,543,807 "
UTH," 2,540,981 "
KLO," 2,537,394 "
VTE," 2,522,633 "
GSP," 2,517,880 "
KHG," 2,512,387 "
CBB," 2,511,241 "
HPH," 2,508,772 "
HLD," 2,502,814 "
NAN," 2,483,476 "
BHD," 2,481,005 "
TYS," 2,461,754 "
MYY," 2,459,291 "
YCU," 2,433,573 "
ABZ," 2,431,143 "
CUL," 2,420,469 "
LEJ," 2,420,264 "
ISG," 2,419,903 "
ZQN," 2,414,880 "
GZT," 2,410,416 "
BHY," 2,408,445 "
NYO," 2,407,717 "
DSN," 2,403,087 "
UYN," 2,390,163 "
BGI," 2,388,028 "
IKT," 2,381,899 "
RUN," 2,371,229 "
TKG," 2,353,287 "
MRV," 2,345,791 "
GIZ," 2,335,100 "
RPR," 2,334,958 "
KJA," 2,332,943 "
IXC," 2,325,003 "
KRL," 2,321,679 "
SKP," 2,320,901 "
CJC," 2,320,772 "
MSN," 2,307,681 "
IGU," 2,302,212 "
NAT," 2,300,168 "
DAR," 2,286,669 "
CGY," 2,284,675 "
ABJ," 2,284,119 "
ASB," 2,282,769 "
SMR," 2,274,915 "
PPS," 2,269,295 "
USM," 2,269,030 "
TOS," 2,265,899 "
KGD," 2,253,266 "
PNS," 2,251,337 "
YLW," 2,242,616 "
ANF," 2,241,368 "
BRE," 2,236,196 "
PTP," 2,235,974 "
PIE," 2,231,653 "
KOE," 2,230,839 "
CHQ," 2,227,550 "
MDZ," 2,227,152 "
PRN," 2,226,110 "
KBL," 2,224,128 "
KGS," 2,215,082 "
PWM," 2,215,027 "
JTR," 2,207,917 "
LIT," 2,205,613 "
ASR," 2,202,432 "
HBE," 2,190,190 "
LYI," 2,169,840 "
DRW," 2,169,007 "
LAD," 2,161,155 "
GSO," 2,157,064 "
TRF," 2,153,760 "
LUM," 2,149,261 "
BAV," 2,139,843 "
ADZ," 2,139,513 "
MDL," 2,132,637 "
SOC," 2,127,295 "
KHV," 2,124,413 "
KOS," 2,119,562 "
BTS," 2,111,321 "
MCZ," 2,106,702 "
TAK," 2,106,178 "
LIL," 2,103,589 "
SYZ," 2,096,960 "
HIA," 2,095,781 "
SSH," 2,080,696 "
BZE," 2,073,260 "
AGA," 2,071,565 "
YYJ," 2,063,641 "
PGK," 2,061,284 "
SOQ," 2,023,814 "
YNZ," 2,016,677 "
HLA," 2,001,709 "
VII," 2,000,935 "
FRU," 1,995,984 "
MVD," 1,995,463 "
SEN," 1,981,757 "
YIW," 1,976,947 "
MMX," 1,975,299 "
BOJ," 1,974,365 "
KWJ," 1,955,077 "
FDF," 1,953,241 "
MPH," 1,950,609 "
IXE," 1,950,478 "
POM," 1,945,490 "
MPL," 1,938,943 "
KKC," 1,938,013 "
DLU," 1,937,094 "
FAT," 1,935,967 "
TJM," 1,933,462 "
AQP," 1,924,501 "
BGA," 1,923,824 "
POZ," 1,899,746 "
ZYI," 1,896,527 "
NVT," 1,893,171 "
EBL," 1,889,879 "
NJF," 1,886,037 "
SRQ," 1,884,887 "
HUI," 1,877,804 "
PEI," 1,876,244 "
YQB," 1,875,618 "
URT," 1,863,609 "
SBW," 1,860,881 "
GRO," 1,859,729 "
DLI," 1,859,326 "
YNJ," 1,857,486 "
PMC," 1,850,578 "
KBR," 1,843,449 "
BWN," 1,842,088 "
CGP," 1,839,904 "
IXZ," 1,825,167 "
LZO," 1,822,575 "
ORN," 1,816,471 "
TSV," 1,816,049 "
HMO," 1,810,078 "
STV," 1,809,389 "
PDL," 1,799,060 "
BPS," 1,798,720 "
TWU," 1,782,606 "
BOO," 1,775,671 "
XNA," 1,773,991 "
SOU," 1,773,985 "
KIN," 1,768,780 "
AKU," 1,768,352 "
PLZ," 1,766,846 "
UBP," 1,751,766 "
AZA," 1,750,231 "
PKX," 1,749,570 "
MHT," 1,746,198 "
IXJ," 1,744,905 "
FMM," 1,742,908 "
EBB," 1,741,148 "
LJU," 1,732,613 "
ICT," 1,731,442 "
DAY," 1,727,670 "
LWO," 1,719,519 "
TUU," 1,705,963 "
CIF," 1,703,403 "
HPN," 1,701,222 "
BCD," 1,699,922 "
RTM," 1,698,175 "
TRZ," 1,691,654 "
DIY," 1,688,339 "
COS," 1,684,329 "
CUU," 1,680,937 "
JER," 1,677,628 "
MMY," 1,676,564 "
KOW," 1,671,074 "
KCZ," 1,667,252 "
KMQ," 1,666,736 "
STI," 1,663,409 "
SGC," 1,662,541 "
CCP," 1,657,037 "
HTN," 1,654,071 "
SLZ," 1,653,662 "
OIT," 1,642,443 "
CWL," 1,641,606 "
VPS," 1,633,798 "
DJB," 1,631,008 "
PLW," 1,622,252 "
IXM," 1,618,840 "
SZG," 1,614,877 "
XFN," 1,614,304 "
TSR," 1,604,084 "
YXE," 1,602,395 "
LYG," 1,593,764 "
PGD," 1,593,448 "
AVL," 1,589,404 "
CJS," 1,587,308 "
YIN," 1,585,960 "
TRK," 1,581,315 "
LZH," 1,579,105 "
SNN," 1,577,459 "
FEZ," 1,576,580 "
IQQ," 1,574,247 "
BZN," 1,570,473 "
OKJ," 1,554,119 "
ELQ," 1,553,529 "
UTP," 1,552,425 "
ISP," 1,549,163 "
CGR," 1,548,869 "
BRC," 1,545,345 "
GOA," 1,526,441 "
CNN," 1,518,834 "
JMK," 1,516,629 "
ODS," 1,515,966 "
YYT," 1,515,609 "
AJA," 1,511,282 "
DJE," 1,503,396 "
DRS," 1,497,031 "
CEK," 1,495,842 "
MDT," 1,495,697 "
AAQ," 1,495,382 "
PEE," 1,492,417 "
SPC," 1,476,324 "
VER," 1,475,681 "
TGZ," 1,475,559 "
DWC," 1,469,517 "
VAR," 1,468,738 "
AAL," 1,458,548 "
ASU," 1,458,327 "
HHN," 1,456,830 "
BIA," 1,453,757 "
UDR," 1,450,379 "
AXT," 1,445,633 "
TCZ," 1,443,940 "
SXB," 1,433,328 "
SXM," 1,433,184 "
SZF," 1,431,990 "
LST," 1,425,753 "
KGL," 1,423,194 "
HKD," 1,421,158 "
UIH," 1,420,053 "
DED," 1,419,239 "
HSN," 1,417,666 "
HSV," 1,413,337 "
ZIA," 1,409,851 "
LEX," 1,408,048 "
DYU," 1,406,197 "
AMQ," 1,405,597 "
VCA," 1,405,003 "
IXA," 1,404,584 "
ZTH," 1,401,358 "
MCX," 1,398,288 "
LYA," 1,397,507 "
TNG," 1,396,396 "
CUR," 1,391,668 "
OVD," 1,390,431 "
DSA," 1,387,590 "
TAG," 1,386,155 "
BTV," 1,381,491 "
IGR," 1,379,887 "
OSS," 1,371,603 "
GCM," 1,370,904 "
BHO," 1,369,297 "
PEW," 1,362,666 "
VAN," 1,361,219 "
AHO," 1,360,170 "
MAF," 1,356,454 "
SLL," 1,355,037 "
JPA," 1,354,504 "
TKS," 1,353,319 "
NTL," 1,349,950 "
MBA," 1,348,830 "
CID," 1,338,928 "
LCG," 1,335,511 "
WMT," 1,334,011 "
FKB," 1,332,350 "
TAC," 1,329,759 "
PAP," 1,325,615 "
IMF," 1,324,380 "
STT," 1,323,192 "
HAS," 1,320,065 "
CAE," 1,319,464 "
PUQ," 1,317,581 "
MCY," 1,317,503 "
SEZ," 1,301,952 "
VRA," 1,298,369 "
MIR," 1,296,504 "
NST," 1,286,598 "
SLA," 1,285,782 "
WDS," 1,282,942 "
SID," 1,280,909 "
ENH," 1,272,121 "
VGA," 1,271,555 "
AVV," 1,265,358 "
ZNZ," 1,263,011 "
GRX," 1,262,492 "
PLS," 1,262,225 "
HYN," 1,255,002 "
NRN," 1,254,766 "
TGD," 1,252,937 "
ULN," 1,246,513 "
PPT," 1,243,885 "
IAS," 1,240,355 "
AWZ," 1,238,411 "
ECP," 1,234,211 "
MPM," 1,232,427 "
BDQ," 1,232,277 "
BTU," 1,229,762 "
YQR," 1,229,524 "
LSC," 1,220,117 "
VSA," 1,215,957 "
HTY," 1,214,601 "
MGA," 1,214,581 "
AOJ," 1,214,408 "
BSD," 1,210,939 "
ACX," 1,205,900 "
KDI," 1,198,902 "
BES," 1,197,308 "
EUG," 1,192,201 "
OMS," 1,192,174 "
ITO," 1,187,361 "
UUS," 1,184,266 "
LIR," 1,181,775 "
VOG," 1,179,726 "
SGF," 1,178,763 "
MXL," 1,177,207 "
DAT," 1,173,919 "
SDR," 1,172,230 "
FAI," 1,169,546 "
UDI," 1,169,378 "
KUN," 1,168,492 "
HRE," 1,168,372 "
ZAM," 1,162,810 "
MUX," 1,157,255 "
THE," 1,154,278 "
FSD," 1,154,197 "
OAX," 1,152,717 "
YKS," 1,148,210 "
IQT," 1,146,621 "
QRO," 1,145,740 "
SJJ," 1,143,495 "
XIC," 1,140,677 "
EOH," 1,131,268 "
TIF," 1,125,065 "
AES," 1,124,567 "
JAN," 1,119,722 "
NQN," 1,117,685 "
AJU," 1,115,068 "
XRY," 1,114,839 "
BIQ," 1,111,991 "
SDK," 1,106,751 "
KIJ," 1,104,828 "
TNR," 1,103,835 "
LLA," 1,103,607 "
CHA," 1,101,908 "
SAP," 1,101,331 "
TAB," 1,096,519 "
KRY," 1,094,782 "
OUL," 1,093,973 "
DUD," 1,090,471 "
RBA," 1,089,825 "
MLG," 1,087,298 "
RMU," 1,083,721 "
ILM," 1,082,617 "
KKJ," 1,080,825 "
NSN," 1,079,772 "
BTJ," 1,079,060 "
NNY," 1,072,135 "
KRS," 1,071,879 "
WXN," 1,069,296 "
MDG," 1,067,853 "
PIU," 1,067,072 "
CUC," 1,065,419 "
MFR," 1,062,178 "
ACY," 1,060,399 "
TBZ," 1,057,353 "
TIV," 1,054,614 "
OGU," 1,052,521 "
LBB," 1,046,011 "
MZT," 1,044,111 "
ASJ," 1,043,927 "
SPN," 1,043,699 "
DLA," 1,038,356 "
ANU," 1,034,671 "
VGO," 1,032,759 "
GES," 1,032,700 "
MTR," 1,032,101 "
ZCO," 1,025,160 "
TGG," 1,024,693 "
NKM," 1,024,524 "
RMF," 1,019,071 "
FIH," 1,016,649 "
TJQ," 1,007,155 "
CGD," 1,006,418 "
REU," 1,004,607 "
TGO," 1,001,010 "
WDH," 999,689 "
EXT," 996,900 "
ERZ," 994,214 "
JNG," 993,204 "
LDB," 988,451 "
CZL," 987,089 "
EYW," 986,264 "
INN," 985,984 "
SBA," 985,869 "
USH," 983,676 "
LAP," 983,159 "
AOR," 974,814 "
IZO," 973,545 "
TIR," 971,805 "
YXX," 962,436 "
UME," 959,678 "
BFJ," 959,077 "
FAR," 957,473 "
RDM," 956,360 "
KYA," 955,539 "
THD," 955,462 "
NAO," 954,216 "
SPR," 954,215 "
DNH," 950,844 "
LPQ," 944,873 "
GOJ," 942,612 "
BIL," 941,846 "
FMO," 940,753 "
MWX," 939,741 "
TEN," 930,537 "
LEI," 928,405 "
MMK," 926,969 "
INV," 925,209 "
LUN," 915,717 "
ARI," 913,715 "
RAO," 913,330 "
BKO," 913,187 "
HRK," 911,348 "
PHC," 910,967 "
TUC," 910,764 "
TPP," 910,740 "
TTN," 910,649 "
MSO," 908,007 "
MKY," 906,172 "
ABE," 903,465 "
HDG," 902,149 "
EZS," 900,408 "
KUT," 900,163 "
BMV," 898,666 "
TTE," 895,797 "
JAC," 895,402 "
DQA," 893,819 "
HEH," 893,418 "
HNY," 887,041 "
SKT," 884,346 "
GRZ," 881,918 "
PSC," 880,475 "
BKS," 880,248 "
BDA," 873,961 "
RIZ," 873,815 "
VCL," 873,422 "
SCO," 872,094 "
YBP," 869,748 "
LFW," 862,875 "
RNS," 861,410 "
HUX," 860,790 "
YHM," 860,572 "
MLM," 857,581 "
PKY," 856,734 "
ELS," 854,906 "
YQT," 851,812 "
IOM," 849,169 "
JRO," 848,692 "
CAK," 842,338 "
FSZ," 839,794 "
AGU," 837,393 "
NUX," 835,447 "
LBV," 832,194 "
TLH," 831,149 "
NBE," 830,351 "
ACA," 827,914 "
AKJ," 827,253 "
SBN," 827,110 "
GZP," 827,060 "
TXN," 825,185 "
CIH," 821,137 "
FWA," 820,502 "
IXL," 820,465 "
DOY," 820,447 "
IBR," 816,900 "
JNU," 816,577 "
MFE," 814,725 "
NDR," 812,791 "
KIH," 811,441 "
JGS," 808,937 "
SRI," 803,564 "
JMU," 800,260 "
FUO," 800,211 "
HSG," 800,009 "
BSR," 799,718 "
DGT," 798,817 "
BTR," 798,563 "
GCI," 796,222 "
NOC," 792,683 "
ATW," 792,300 "
TIP," 792,284 "
HLH," 791,917 "
IFN," 785,787 "
SYM," 785,174 "
KUH," 782,914 "
ZAD," 781,522 "
GUW," 778,989 "
NPE," 775,892 "
CHO," 775,566 "
YNB," 773,910 "
UBJ," 772,667 "
SJP," 770,102 "
PVH," 767,269 "
CIT," 763,867 "
ENY," 763,833 "
FUG," 762,275 "
BOH," 756,657 "
REN," 754,303 "
LBJ," 753,680 "
POP," 753,222 "
YGJ," 745,468 "
XIL," 742,859 "
TRS," 742,839 "
PBC," 741,647 "
BQN," 741,624 "
ARH," 738,375 "
MLI," 732,577 "
RZE," 732,320 "
TAM," 729,888 "
FSC," 729,846 "
ROA," 727,559 "
EVE," 726,505 "
NBC," 725,189 "
AAP," 724,791 "
MMB," 724,662 "
PUY," 724,470 "
YZF," 724,259 "
SBZ," 723,872 "
AMA," 723,156 "
SNU," 722,531 "
MLX," 721,488 "
BND," 721,239 "
CIX," 720,168 "
PSR," 719,562 "
VOZ," 718,609 "
PKC," 718,299 "
PHS," 717,261 "
RAP," 716,949 "
LZY," 716,138 "
FCA," 715,038 "
FTE," 713,474 "
UVF," 710,609 "
LXR," 708,753 "
EFL," 708,540 "
MGF," 707,951 "
GNY," 707,223 "
SAG," 706,487 "
LGP," 702,627 "
HOG," 701,551 "
GRB," 699,508 "
ROS," 698,114 "
NBS," 696,887 "
PIA," 692,863 "
DAB," 692,826 "
TGU," 692,556 "
LBU," 692,387 "
TRC," 691,384 "
BBA," 689,107 "
PAE," 688,065 "
RAI," 687,839 "
PKN," 685,319 "
MOB," 683,060 "
PMR," 680,882 "
YXU," 680,696 "
GOP," 680,426 "
LBD," 680,170 "
PCL," 675,801 "
PXU," 675,747 "
YQM," 675,463 "
DIG," 674,470 "
HRL," 668,758 "
GRJ," 667,986 "
MLH," 663,062 "
CRD," 662,695 "
CRP," 660,811 "
BLI," 660,336 "
AGS," 659,222 "
PMV," 658,332 "
SHV," 657,265 "
TOF," 656,836 "
PUF," 655,431 "
TST," 649,458 "
COO," 647,217 "
USU," 646,142 "
JGN," 645,157 "
OUD," 643,278 "
RSU," 641,510 "
PAD," 641,169 "
NJC," 640,318 "
RVN," 640,132 "
LFQ," 638,855 "
PIK," 638,426 "
BIS," 634,237 "
TIM," 634,133 "
BXU," 633,084 "
YMM," 632,164 "
HBX," 632,037 "
PBM," 627,102 "
BGR," 625,619 "
MKW," 624,361 "
KER," 624,113 "
ROK," 621,883 "
CPO," 620,053 "
TER," 620,032 "
ASF," 619,201 "
TRU," 619,140 "
ASP," 618,878 "
OUA," 616,309 "
MXZ," 615,180 "
SLP," 615,046 "
PMW," 613,648 "
MJI," 612,204 "
ASE," 611,559 "
HAU," 611,250 "
AAT," 610,568 "
FNT," 609,043 "
TZL," 603,895 "
BAR," 603,592 "
ETM," 602,210 "
WUS," 601,321 "
AVP," 600,933 "
KAN," 600,429 "
OBO," 599,849 "
MCP," 599,003 "
CCC," 594,185 "
DNZ," 593,611 "
GEO," 593,295 "
BUS," 592,336 "
TLC," 589,278 "
ZIH," 587,787 "
TOY," 584,368 "
ZYL," 582,959 "
GPT," 582,387 "
WIL," 581,115 "
BQS," 580,182 "
CKY," 579,951 "
SWF," 575,975 "
SRE," 574,696 "
NSK," 572,385 "
TVC," 572,143 "
GTO," 569,013 "
BWX," 568,618 "
DEB," 568,431 "
YXS," 567,474 "
NSI," 566,067 "
AJF," 565,354 "
MQM," 560,975 "
PZI," 560,974 "
LYP," 557,305 "
HNA," 555,381 "
HZG," 555,326 "
XAI," 554,336 "
TNN," 553,043 "
NOU," 552,691 "
JOI," 551,162 "
CXB," 551,105 "
BNK," 548,451 "
SMQ," 545,729 "
IWK," 544,196 "
LNJ," 542,560 "
LFT," 542,127 "
PBH," 540,656 "
CJA," 537,077 "
JDO," 535,805 "
CAY," 535,369 "
BAL," 532,334 "
VLI," 531,885 "
STM," 531,147 "
ABD," 531,024 "
CZM," 530,704 "
GNV," 529,452 "
SBP," 528,309 "
WUA," 526,246 "
SSG," 524,767 "
KJT," 522,944 "
ISU," 522,431 "
ASW," 522,255 "
TRG," 519,560 "
BVC," 518,450 "
BJL," 515,921 "
KSY," 514,849 "
IOS," 514,371 "
GJT," 513,604 "
AAR," 513,169 "
SCW," 513,062 "
DAM," 512,854 "
SZZ," 512,025 "
BZV," 511,524 "
DAX," 511,005 "
GND," 510,861 "
HTI," 509,267 "
SKD," 506,355 "
KTG," 506,098 "
EVV," 505,697 "
STX," 505,223 "
KSC," 504,914 "
HMB," 504,607 "
GBE," 503,893 "
CRA," 503,735 "
YCD," 502,701 "
OGZ," 499,572 "
EIS," 498,625 "
KTA," 494,494 "
VBY," 492,698 "
PVK," 492,381 "
NYU," 492,156 "
JMJ," 491,392 "
BAX," 490,926 "
TLN," 490,845 "
AYQ," 490,429 "
AAE," 489,962 "
TTJ," 489,345 "
GPS," 488,959 "
GIB," 487,574 "
BEJ," 487,308 "
IPH," 486,972 "
YIC," 486,326 "
VAS," 486,160 "
STS," 485,764 "
OSD," 485,223 "
MLB," 484,231 "
MKQ," 482,856 "
NIM," 482,094 "
XAP," 480,735 "
DIB," 479,670 "
BCM," 478,759 "
CRW," 477,839 "
GRV," 477,483 "
WMX," 476,807 "
NAV," 476,635 "
TZA," 475,296 "
JDH," 474,595 "
VDH," 474,167 "
SYO," 474,148 "
CRZ," 471,799 "
AOI," 471,644 "
DGO," 471,438 "
TCQ," 470,386 "
REX," 470,301 "
MRY," 469,444 "
GYS," 466,060 "
NPL," 465,548 "
MJT," 463,178 "
FAY," 462,319 "
NQY," 461,221 "
UET," 461,126 "
VUP," 458,486 "
ZCL," 457,526 "
RAR," 457,010 "
IJK," 456,137 "
YQQ," 455,815 "
TAZ," 455,750 "
YYA," 455,626 "
BPE," 454,197 "
ZAZ," 453,015 "
PKR," 452,234 "
KSH," 449,208 "
INI," 449,142 "
KTN," 448,695 "
YQU," 447,683 "
KUA," 447,068 "
HTA," 446,467 "
BFN," 445,984 "
BRQ," 445,110 "
BHH," 444,897 "
NDG," 444,609 "
JUL," 444,078 "
NWI," 443,730 "
VCS," 443,682 "
PPP," 443,579 "
VFA," 441,505 "
LAE," 440,575 "
PGF," 440,481 "
ABT," 439,108 "
TRI," 439,045 "
HMA," 438,045 "
STW," 436,958 "
PHF," 436,042 "
WEF," 435,400 "
BPX," 434,519 "
LLW," 434,004 "
VLN," 432,361 "
YFC," 431,831 "
KIS," 431,574 "
QOW," 431,262 "
PNZ," 430,549 "
OST," 429,659 "
TKU," 428,504 "
LLV," 428,444 "
FDH," 427,861 "
YXY," 424,985 "
TLQ," 424,167 "
UUD," 424,106 "
PHE," 423,905 "
IXS," 423,895 "
DTB," 423,708 "
MQX," 423,170 "
BPL," 422,287 "
MOL," 421,653 "
BME," 421,451 "
BMI," 419,852 "
EPA," 417,988 "
ERC," 417,612 "
AXM," 417,587 "
JDZ," 417,409 "
CFS," 415,949 "
IAO," 415,786 "
PNR," 414,653 "
KCA," 414,501 "
LUW," 414,338 "
BIK," 413,994 "
TJA," 413,333 "
REG," 412,665 "
WGN," 411,426 "
SLY," 411,045 "
YKH," 409,121 "
KEJ," 408,876 "
HLZ," 408,294 "
ASM," 407,613 "
CFE," 406,277 "
FAE," 405,667 "
TDD," 405,056 "
AGH," 404,605 "
DRO," 403,268 "
IXD," 401,878 "
BIR," 401,779 "
MLN," 401,707 "
APW," 401,401 "
NNT," 401,126 "
TBB," 400,821 "
BZG," 400,609 "
TCG," 399,557 "
SCV," 398,695 "
DZA," 397,399 "
TPS," 397,260 "
MGM," 396,485 "
CDE," 395,709 "
ALF," 393,305 "
JUB," 393,044 "
KIR," 392,791 "
GNS," 392,231 "
ROI," 390,221 "
SCE," 390,047 "
TTT," 389,387 "
GEA," 389,016 "
GDX," 387,808 "
CUE," 386,912 "
GAJ," 386,636 "
SKB," 386,614 "
NZH," 386,570 "
MSR," 385,930 "
EGO," 385,573 "
ISL," 385,125 "
RJA," 383,723 "
LZN," 383,292 "
SCN," 383,206 "
FBM," 382,903 "
YYG," 382,493 "
LRM," 382,199 "
NKC," 382,110 "
MDQ," 381,756 "
MGQ," 381,450 "
UGC," 380,383 "
EGE," 379,937 "
USN," 378,845 "
AKX," 378,077 "
SMI," 377,765 "
SNO," 375,888 "
CSY," 375,703 "
SFJ," 374,416 "
YKA," 373,925 "
PXM," 373,666 "
LUZ," 372,759 "
BON," 372,079 "
EYP," 371,782 "
MST," 371,712 "
DRV," 371,260 "
NKT," 370,408 "
KOP," 370,131 "
RST," 369,702 "
CTM," 369,220 "
ZNE," 366,662 "
GTF," 365,782 "
SQD," 365,656 "
RBR," 365,610 "
TAP," 364,852 "
YQG," 364,816 "
UIB," 363,945 "
BFV," 362,369 "
NVA," 360,743 "
HJJ," 360,677 "
LMM," 360,344 "
IDA," 359,971 "
ZAH," 357,634 "
RTW," 356,770 "
CCF," 356,427 "
QUO," 356,221 "
JIB," 356,095 "
QSZ," 354,306 "
EDO," 351,784 "
JLR," 350,816 "
RLK," 350,293 "
SIA," 350,221 "
AVA," 350,155 "
RAB," 349,578 "
JSI," 349,102 "
REL," 349,010 "
USA," 348,173 "
JNZ," 347,909 "
OAJ," 347,170 "
OZC," 347,077 "
BMU," 346,122 "
MOT," 345,229 "
JUH," 344,877 "
UKK," 343,880 "
RTB," 343,012 "
LNK," 343,010 "
IQN," 342,744 "
LDE," 342,635 "
JIQ," 342,547 "
JSR," 342,383 "
AQI," 341,834 "
GDZ," 341,757 "
ULV," 340,853 "
TVS," 340,790 "
KKN," 340,695 "
ZAL," 340,576 "
SUV," 340,318 "
WUT," 340,197 "
CEN," 339,180 "
BHI," 338,040 "
PLQ," 337,898 "
BVB," 337,420 "
ENI," 337,394 "
ZAT," 336,785 "
TNJ," 336,263 "
LPF," 336,049 "
JUZ," 334,590 "
IMP," 333,818 "
YDF," 332,906 "
HMI," 332,176 "
BHE," 330,885 "
JUJ," 330,033 "
CWJ," 329,191 "
YUS," 329,012 "
NYT," 329,002 "
BEN," 328,615 "
LBE," 328,087 "
IPC," 327,482 "
RKT," 327,196 "
RMI," 326,176 "
AJI," 325,968 "
SDV," 325,795 "
BJR," 325,028 "
BET," 322,150 "
PSO," 322,010 "
ELM," 321,986 "
AZD," 320,972 "
SPD," 319,787 "
OZH," 318,720 "
MAR," 318,301 "
CLY," 318,214 "
KLX," 317,893 "
FNA," 317,346 "
LIG," 316,952 "
SCU," 316,382 "
IVC," 316,108 "
CFR," 315,770 "
AQG," 315,517 "
LNL," 315,164 "
RAE," 314,883 "
DLH," 314,674 "
ATZ," 314,529 "
EAS," 314,211 "
PEM," 313,630 "
JXA," 313,488 "
MTJ," 313,441 "
CIY," 312,494 "
YIA," 312,309 "
RKV," 310,978 "
RXS," 310,403 "
RAS," 310,332 "
THL," 310,305 "
KVA," 310,148 "
YXJ," 309,826 "
MQP," 309,536 "
FPO," 308,353 "
YXL," 307,454 "
DIL," 307,394 "
VDA," 307,371 "
KNU," 307,186 "
GRK," 307,097 "
AZO," 306,909 "
KTT," 306,157 "
YSB," 305,137 "
HEA," 304,896 "
YFB," 304,694 "
KGI," 304,667 "
BHK," 303,937 "
PPB," 303,527 "
YRT," 303,158 "
NDJ," 302,279 "
YXT," 301,270 "
TYL," 300,732 "
LET," 300,482 "
FEN," 299,981 "
YSJ," 298,334 "
IGT," 297,693 "
MZR," 296,730 "
KMS," 295,517 "
PAC," 294,474 "
BWA," 294,075 "
OMH," 293,942 "
BLV," 293,864 "
MAB," 293,690 "
ENE," 293,398 "
KRW," 292,646 "
LCK," 292,566 "
MSJ," 292,352 "
SVD," 292,265 "
PRI," 292,035 "
DCY," 291,535 "
ROT," 290,658 "
QSF," 290,203 "
PGU," 289,964 "
CME," 288,648 "
BJA," 287,823 "
CWA," 287,661 "
MJZ," 286,692 "
EGC," 286,027 "
RES," 285,948 "
CBO," 284,726 "
URA," 284,085 "
JAU," 282,280 "
SAF," 281,322 "
SFT," 281,321 "
BOB," 281,194 "
ANR," 280,885 "
IXU," 280,029 "
AEB," 279,782 "
VDC," 279,708 "
ENU," 279,277 "
BLA," 278,311 "
ISA," 278,262 "
GYU," 277,418 "
VIL," 277,322 "
ABX," 277,066 "
ETZ," 276,873 "
AKY," 275,716 "
OSR," 275,636 "
ACK," 275,480 "
ROB," 275,339 "
OHD," 274,234 "
LNZ," 274,197 "
MZL," 274,105 "
LOE," 274,027 "
EDL," 273,783 "
CEE," 273,202 "
URY," 272,939 "
KGF," 272,741 "
OKD," 272,597 "
MBS," 272,538 "
YZY," 271,664 "
ZHY," 270,871 "
NLH," 270,786 "
PLJ," 268,355 "
YTS," 268,338 "
AYP," 267,875 "
VDO," 267,776 "
KEP," 267,481 "
BZR," 267,333 "
IGD," 266,948 "
KSU," 266,795 "
NBX," 266,648 "
KRN," 266,213 "
ETH," 265,920 "
KCM," 265,703 "
BFL," 264,290 "
JAE," 264,147 "
MHH," 263,797 "
MWZ," 263,108 "
JKH," 262,693 "
PEG," 262,649 "
WNH," 262,593 "
RNB," 262,511 "
MQL," 262,249 "
SIT," 261,974 "
PBG," 261,876 "
KUV," 261,661 "
VDE," 261,381 "
JSA," 261,256 "
HEK," 261,017 "
HAH," 260,771 "
COU," 260,595 "
YYR," 260,582 "
BUQ," 260,331 "
MQF," 259,999 "
BNI," 259,619 "
HGA," 259,250 "
VAA," 258,488 "
DPL," 258,152 "
YEI," 257,933 "
LPT," 257,929 "
HGU," 257,610 "
KIM," 256,069 "
KDH," 255,845 "
EUN," 254,166 "
JIC," 254,052 "
BDU," 253,845 "
RGL," 253,834 "
IAG," 252,958 "
SHW," 252,788 "
GLT," 252,474 "
DNK," 252,473 "
RCH," 252,112 "
FEG," 251,802 "
AEX," 250,678 "
BRO," 249,599 "
GOQ," 249,146 "
NOJ," 249,107 "
YFI," 248,317 "
HIR," 248,217 "
SLU," 247,621 "
DDG," 247,302 "
NMA," 247,235 "
ADF," 246,653 "
HLN," 246,547 "
VXE," 246,436 "
TKN," 246,274 "
TOL," 245,425 "
KVX," 244,980 "
DAV," 244,737 "
TBP," 244,064 "
TCR," 244,050 "
AXD," 242,755 "
MYP," 242,005 "
FLG," 241,264 "
BLB," 241,088 "
PQQ," 240,945 "
MOF," 240,868 "
SDL," 240,601 "
TUG," 239,129 "
GFK," 238,513 "
MLU," 238,314 "
RAJ," 238,180 "
YZV," 237,940 "
ZQZ," 237,865 "
APO," 234,938 "
AQJ," 234,501 "
GDQ," 234,475 "
TBU," 234,427 "
PAS," 234,304 "
RNN," 233,794 "
EWN," 232,669 "
VXO," 231,962 "
SNW," 231,768 "
FNI," 231,749 "
DBO," 229,683 "
YAM," 229,599 "
LRH," 229,583 "
GSM," 228,924 "
LDS," 228,737 "
UNN," 228,635 "
BSG," 228,522 "
NOZ," 228,292 "
ERL," 228,226 "
GGT," 227,982 "
APL," 227,769 "
GNB," 227,451 "
ERI," 227,054 "
WGA," 226,601 "
PNA," 226,318 "
DGA," 226,231 "
BEW," 225,973 "
YWK," 225,311 "
ITH," 225,029 "
LVI," 224,736 "
MYT," 224,624 "
VLL," 224,269 "
MAQ," 224,067 "
NYM," 223,857 "
FKS," 223,121 "
NAW," 222,099 "
IVL," 221,879 "
TMC," 221,668 "
RFD," 221,479 "
CMW," 220,299 "
HOR," 219,704 "
BUZ," 219,307 "
LCJ," 219,180 "
IIL," 219,055 "
MOC," 218,844 "
WUZ," 218,424 "
ZYR," 217,814 "
PSS," 217,333 "
DIR," 216,916 "
TLM," 216,601 "
HVB," 215,951 "
HDN," 215,828 "
EMD," 215,292 "
HHH," 215,065 "
SRY," 214,673 "
MCM," 214,608 "
OHS," 214,024 "
NOS," 213,695 "
HDS," 213,661 "
BJM," 213,650 "
HTS," 212,937 "
KJI," 212,809 "
CXJ," 211,971 "
BDP," 211,907 "
PVU," 211,679 "
AOG," 211,205 "
CAC," 210,227 "
YQY," 209,616 "
CMI," 209,534 "
TMW," 209,355 "
RJK," 208,949 "
HIN," 208,904 "
GOM," 208,573 "
SGU," 208,122 "
SQJ," 207,831 "
KUO," 207,716 "
PBO," 206,839 "
CJM," 206,607 "
PWQ," 206,417 "
MEC," 206,396 "
SCY," 206,300 "
WGP," 205,547 "
ADU," 204,625 "
KLR," 204,267 "
LMP," 204,050 "
YUM," 203,685 "
GAY," 202,633 "
LCX," 202,545 "
KZO," 202,293 "
LSE," 202,289 "
LDY," 201,741 "
BGG," 201,719 "
RKZ," 201,326 "
TPQ," 201,113 "
TMP," 200,301 "
TSJ," 200,196 "
TUF," 200,046 "
LLB," 199,973 "
LRD," 199,914 "
PSE," 199,752 "
KLU," 198,834 "
IXG," 198,807 "
JGD," 198,212 "
GIS," 198,083 "
ADQ," 197,966 "
JSJ," 197,713 "
CPR," 196,208 "
RRG," 195,847 "
LSI," 195,417 "
SCK," 195,227 "
ENA," 195,182 "
AOK," 194,303 "
YQX," 193,899 "
NLA," 193,843 "
SHB," 193,638 "
YXC," 193,539 "
PEZ," 193,470 "
FSM," 193,375 "
ABA," 192,971 "
BHR," 192,894 "
YSQ," 192,349 "
LAN," 190,669 "
PKZ," 190,442 "
DHM," 189,029 "
HAC," 188,257 "
GSV," 187,967 "
DMU," 187,940 "
GMQ," 187,760 "
JRG," 187,362 "
MJU," 187,125 "
ORH," 187,095 "
ROR," 187,049 "
KUM," 186,894 "
MAG," 186,014 "
VVC," 185,709 "
HFT," 185,708 "
SUN," 185,462 "
CLQ," 185,180 "
UEO," 185,018 "
LSH," 184,839 "
GOH," 184,479 "
AEY," 184,169 "
AXF," 184,068 "
LYH," 183,420 "
YVP," 182,639 "
FKQ," 182,286 "
CUK," 181,331 "
WKJ," 181,030 "
PAG," 180,909 "
PLO," 180,565 "
CHG," 179,761 "
UCB," 179,535 "
UYU," 179,464 "
GBT," 179,238 "
FLZ," 178,967 "
AXU," 177,449 "
NCU," 176,929 "
VAM," 176,662 "
YKO," 176,221 "
TGM," 175,962 "
PZU," 175,905 "
TVY," 175,211 "
ACV," 175,024 "
WAE," 173,786 "
CRV," 173,517 "
NTQ," 171,962 "
PDP," 171,622 "
MHK," 170,290 "
HUY," 170,104 "
XSP," 170,000 "
GAN," 169,981 "
NNM," 168,526 "
LYR," 168,316 "
YOL," 167,960 "
SHM," 167,770 "
DOM," 167,623 "
ZLO," 166,873 "
HKN," 166,076 "
KRP," 164,721 "
OCC," 164,257 "
AZR," 163,981 "
ABI," 163,796 "
MZH," 163,708 "
IQM," 163,215 "
YVO," 162,483 "
BRW," 162,350 "
TML," 161,998 "
HPG," 161,400 "
CPE," 160,571 "
VIT," 159,351 "
BSI," 159,229 "
OXB," 159,155 "
DEX," 158,991 "
CAB," 158,858 "
CLL," 158,837 "
GRQ," 158,732 "
CKS," 158,386 "
BLZ," 158,272 "
NDC," 158,087 "
WVB," 157,691 "
THQ," 157,574 "
BDB," 157,553 "
IBE," 156,711 "
LLI," 156,578 "
BNX," 156,396 "
ELH," 156,381 "
JRH," 156,229 "
AJL," 156,185 "
TMR," 155,867 "
ONJ," 155,698 "
ISN," 155,505 "
YYF," 155,468 "
DPO," 155,213 "
WTB," 154,979 "
HUN," 154,746 "
LKA," 154,686 "
SHF," 154,623 "
TNH," 154,378 "
UPN," 154,327 "
PZO," 154,223 "
RFP," 154,213 "
ZOS," 153,810 "
OZZ," 153,790 "
MKZ," 152,286 "
IWJ," 152,074 "
UAQ," 151,696 "
BGF," 151,508 "
MUB," 151,295 "
AZS," 151,043 "
SPI," 150,960 "
OTZ," 150,582 "
TWT," 150,295 "
KOI," 150,293 "
SZY," 150,052 "
KBU," 149,872 "
PFB," 149,671 "
TET," 148,883 "
WWK," 148,844 "
OPS," 148,829 "
LDU," 148,455 "
OME," 148,444 "
LGG," 148,226 "
MRA," 147,907 "
YPX," 147,876 "
MMJ," 147,828 "
LIF," 147,596 "
SCC," 147,572 "
PUW," 147,453 "
TMS," 147,337 "
TLK," 147,274 "
RGA," 146,434 "
IZA," 145,500 "
CPC," 144,882 "
LBS," 144,479 "
MYD," 144,096 "
CAP," 143,324 "
ARM," 143,292 "
RDP," 143,291 "
JIJ," 143,122 "
LPI," 143,091 "
OKE," 142,433 "
MME," 141,625 "
FRS," 141,346 "
GKA," 140,989 "
CMF," 140,794 "
LUV," 140,766 "
MKK," 140,671 "
LRR," 140,400 "
SBY," 140,183 "
CIJ," 140,079 "
KVD," 140,059 "
TJU," 140,027 "
ARK," 139,959 "
BSO," 139,894 "
GRI," 139,820 "
BJW," 139,668 "
JJG," 138,507 "
VDS," 138,018 "
MOV," 137,697 "
LXS," 136,910 "
SON," 136,755 "
CPV," 136,573 "
ESU," 135,812 "
YKM," 135,666 "
NOP," 135,660 "
FNJ," 135,358 "
NER," 135,047 "
SQG," 134,946 "
DDD," 134,900 "
SJT," 134,136 "
TUI," 134,096 "
NLT," 133,922 "
EAM," 133,852 "
GWL," 133,666 "
ABU," 133,652 "
PZB," 133,639 "
LKN," 133,583 "
CYZ," 133,477 "
HID," 133,366 "
FLA," 133,201 "
USK," 132,809 "
MIU," 132,773 "
AUC," 132,746 "
LAO," 132,729 "
TMJ," 132,579 "
BUW," 132,178 "
DHI," 131,501 "
EJA," 131,364 "
BTK," 131,081 "
DMS," 130,911 "
HXD," 130,772 "
JAV," 130,650 "
KHE," 130,586 "
OGL," 130,350 "
ISC," 130,317 "
CLV," 130,315 "
FRO," 130,207 "
KLH," 130,205 "
SYY," 129,742 "
WYA," 129,606 "
POL," 129,552 "
EAT," 129,398 "
KKX," 129,196 "
ABB," 129,051 "
SGD," 128,389 "
UKA," 128,167 "
KKE," 127,663 "
TCO," 127,588 "
YIE," 127,268 "
MTT," 127,079 "
LCH," 126,834 "
PIX," 126,733 "
CKZ," 126,597 "
ACT," 126,341 "
CDT," 125,767 "
LOH," 125,599 "
LNV," 125,571 "
ARD," 125,220 "
MQT," 124,657 "
LCE," 124,584 "
FDE," 124,440 "
HOV," 124,362 "
SIF," 124,198 "
ROW," 124,126 "
CBQ," 123,832 "
BTW," 123,709 "
GET," 123,472 "
POG," 122,959 "
CDP," 122,913 "
PSM," 122,759 "
HOF," 122,573 "
GWT," 122,291 "
JTC," 122,092 "
TWC," 122,003 "
RQA," 121,958 "
PPN," 121,718 "
LWN," 121,697 "
WRG," 121,146 "
MRE," 120,527 "
RAH," 120,189 "
ISE," 119,865 "
KDO," 119,797 "
ZBR," 119,614 "
DHN," 119,529 "
LTO," 119,527 "
HAD," 119,318 "
IOA," 119,308 "
HME," 119,096 "
OHE," 118,942 "
SKO," 118,524 "
YQL," 118,157 "
YGR," 118,040 "
KAD," 117,857 "
JOE," 117,856 "
ACH," 117,776 "
SFN," 117,477 "
YEV," 116,992 "
OLP," 116,854 "
NAL," 116,656 "
MFK," 116,555 "
AKN," 116,537 "
BUU," 116,463 "
NZL," 116,403 "
TYR," 116,174 "
NAJ," 116,115 "
MQN," 115,867 "
MGZ," 115,866 "
KQH," 115,006 "
BNN," 114,022 "
IPN," 113,906 "
DLE," 113,893 "
GDT," 113,513 "
PSG," 113,213 "
BSK," 112,781 "
PUU," 112,612 "
SKZ," 112,473 "
BZX," 112,207 "
PXO," 112,154 "
RLG," 112,101 "
MVY," 111,942 "
WRE," 111,720 "
KLF," 111,287 "
YUY," 111,084 "
SKX," 110,887 "
OGX," 110,721 "
RDZ," 110,716 "
KAW," 110,442 "
CSG," 110,266 "
SFA," 110,194 "
CYI," 110,181 "
UCT," 110,046 "
FYN," 109,667 "
VST," 109,420 "
CND," 109,373 "
KVG," 109,201 "
PGV," 109,055 "
LAW," 108,770 "
BVE," 108,693 "
MYQ," 108,538 "
SVJ," 108,293 "
SWQ," 108,226 "
ZSE," 107,611 "
WJU," 107,312 "
OAG," 106,557 "
LRT," 106,471 "
BEF," 106,429 "
GPA," 106,419 "
IFO," 106,309 "
ZIG," 105,996 "
CXH," 105,920 "
SZK," 105,912 "
JJD," 105,848 "
HAQ," 105,499 "
YGL," 105,476 "
VIG," 105,294 "
KAO," 105,202 "
DUM," 105,097 "
AJN," 105,041 "
SKN," 104,632 "
PIS," 104,589 "
YPA," 104,432 "
LEA," 104,344 "
PPG," 104,077 "
WNP," 103,768 "
KNX," 103,705 "
RDD," 103,698 "
BXB," 103,589 "
CGM," 103,585 "
BWT," 103,548 "
TWF," 103,345 "
FYJ," 103,242 "
KDM," 102,988 "
TIN," 102,678 "
LPK," 102,303 "
ISK," 102,125 "
SHI," 101,925 "
GTR," 101,881 "
JNX," 101,282 "
FMA," 101,239 "
RMA," 100,989 "
TNE," 100,643 "
JBQ," 100,304 "
HVN," 99,139 "
SOG," 98,791 "
SUX," 98,769 "
ARU," 98,689 "
QRW," 98,251 "
RJH," 98,074 "
CBH," 98,018 "
MGB," 97,999 "
CYO," 97,832 "
ALW," 97,709 "
LEQ," 97,283 "
OKL," 96,838 "
KSN," 96,572 "
HHQ," 96,521 "
UKH," 96,202 "
ATM," 96,186 "
LGQ," 96,176 "
SDE," 96,054 "
KSF," 95,918 "
EYK," 95,875 "
DNR," 95,845 "
ESM," 95,720 "
LAU," 95,588 "
YBG," 95,497 "
AWA," 95,463 "
BHQ," 95,379 "
UTT," 95,360 "
ILP," 95,342 "
NGQ," 95,316 "
JLN," 95,281 "
TKD," 95,208 "
LLF," 95,009 "
HUH," 94,517 "
CZU," 94,383 "
UYL," 93,563 "
CUF," 93,052 "
IFU," 92,892 "
MAJ," 92,680 "
KNG," 92,481 "
LSP," 92,341 "
RCB," 92,313 "
BLJ," 92,298 "
EGN," 92,183 "
XBJ," 92,045 "
BOC," 92,027 "
KPO," 91,787 "
MLO," 91,728 "
AJR," 91,363 "
YBL," 90,855 "
TDX," 90,739 "
TJS," 90,654 "
KRO," 90,643 "
VLD," 90,518 "
DOL," 90,470 "
YYB," 90,246 "
SMA," 89,965 "
RIB," 89,920 "
LOK," 89,891 "
LSW," 89,697 "
PES," 89,620 "
TLE," 89,481 "
LNY," 89,224 "
PRH," 89,095 "
KGT," 89,066 "
DLG," 88,868 "
LXG," 88,741 "
GUR," 88,708 "
PIH," 88,700 "
AEG," 88,590 "
YXH," 88,464 "
KVK," 88,341 "
SUJ," 88,307 "
SSJ," 88,234 "
FLO," 87,817 "
BHJ," 87,697 "
ILR," 87,675 "
BRM," 87,632 "
CYB," 87,557 "
JIM," 87,531 "
COD," 87,360 "
LER," 87,134 "
WEI," 86,583 "
CKB," 86,561 "
ETR," 86,455 "
MEE," 86,438 "
JHM," 86,248 "
KET," 85,854 "
BRA," 85,735 "
YRL," 85,438 "
KAJ," 85,428 "
PNI," 85,260 "
PND," 85,170 "
PNL," 85,167 "
YWH," 84,807 "
AXJ," 84,712 "
DIE," 84,538 "
PNP," 84,495 "
SVB," 84,395 "
PNY," 83,821 "
UEL," 83,579 "
HTT," 83,426 "
ABY," 83,292 "
PSU," 82,537 "
RGK," 82,378 "
OER," 82,308 "
BQK," 81,901 "
BZL," 81,671 "
PYJ," 81,664 "
NDB," 81,621 "
MJM," 81,474 "
UVE," 81,380 "
VDY," 81,286 "
LWS," 81,244 "
DYR," 81,233 "
YCG," 81,218 "
CNQ," 81,143 "
RZR," 81,139 "
MEB," 80,591 "
ERF," 80,276 "
ULH," 80,164 "
DSE," 80,038 "
TMM," 79,960 "
KZR," 79,894 "
HOM," 79,873 "
MZV," 79,831 "
ANX," 79,830 "
PLX," 79,794 "
EGS," 79,738 "
SPS," 79,691 "
LFR," 79,689 "
LYC," 79,473 "
BGM," 79,385 "
MOZ," 79,287 "
GMZ," 79,024 "
QRC," 78,869 "
SDG," 78,661 "
ESL," 78,439 "
TXK," 78,412 "
NSH," 78,074 "
OMR," 77,696 "
VAI," 77,434 "
EJH," 77,403 "
ELU," 77,355 "
DIN," 77,240 "
DOD," 77,184 "
KUU," 76,765 "
KDU," 76,734 "
GER," 76,678 "
VIJ," 76,560 "
DBQ," 76,488 "
KMV," 76,356 "
XCR," 76,287 "
TUO," 76,278 "
JBB," 76,229 "
GKK," 76,172 "
SDD," 76,079 "
DOU," 76,029 "
NTX," 76,025 "
YGW," 75,910 "
GUC," 75,872 "
HUO," 75,655 "
MIM," 75,650 "
MEH," 75,648 "
MII," 75,435 "
MJF," 75,412 "
BJZ," 75,353 "
PMY," 75,224 "
YGK," 75,149 "
PMF," 75,062 "
RNJ," 74,574 "
YVQ," 74,442 "
CBT," 74,382 "
IRJ," 74,156 "
YYQ," 74,145 "
LPP," 74,105 "
GFF," 73,759 "
ABS," 73,590 "
THS," 73,053 "
YKF," 72,945 "
TAT," 72,936 "
FVM," 72,814 "
DEF," 72,782 "
NVI," 72,638 "
INU," 72,599 "
BBK," 72,596 "
MBE," 72,591 "
UTN," 72,463 "
BKB," 72,370 "
JKR," 72,228 "
GHA," 72,097 "
UBA," 72,082 "
LUQ," 72,076 "
VRC," 71,990 "
XWG," 71,929 "
DQM," 71,589 "
LRV," 71,097 "
FLW," 71,075 "
OSI," 70,915 "
YYD," 70,820 "
FTU," 70,749 "
GJL," 70,556 "
MUN," 70,533 "
KHS," 70,511 "
PBD," 70,132 "
SXK," 70,115 "
KSQ," 69,989 "
KEM," 69,966 "
PDV," 69,860 "
CTC," 69,718 "
IBA," 69,682 "
XYD," 69,449 "
YIF," 69,272 "
MHC," 69,225 "
JPR," 69,137 "
NGD," 69,069 "
AIT," 68,877 "
BJF," 68,482 "
OKI," 68,441 "
GYA," 68,304 "
HJR," 68,256 "
CNJ," 68,170 "
GOV," 68,137 "
KGC," 68,088 "
MJV," 68,075 "
BUA," 67,956 "
JIK," 67,937 "
TEQ," 67,705 "
ERS," 67,639 "
AHU," 67,484 "
GMO," 67,371 "
TAH," 66,993 "
OSW," 66,913 "
RGI," 66,388 "
YNY," 65,862 "
LLJ," 65,700 "
YPH," 65,564 "
DMB," 65,147 "
TEF," 64,922 "
YYY," 64,619 "
SHC," 64,584 "
PED," 64,488 "
GMB," 64,285 "
DBC," 64,272 "
ODO," 63,987 "
ODY," 63,968 "
ELF," 63,804 "
YBR," 63,777 "
RVK," 63,636 "
ALH," 63,527 "
TBT," 63,492 "
YHR," 63,191 "
YCB," 63,182 "
CFK," 63,120 "
YTH," 63,097 "
GHB," 63,046 "
PUZ," 63,003 "
LMN," 62,968 "
RBQ," 62,965 "
JOS," 62,936 "
PLN," 62,746 "
CWC," 62,726 "
BPT," 62,708 "
KGP," 62,565 "
CFN," 62,344 "
TRW," 62,246 "
JGA," 62,084 "
DUT," 61,927 "
BJI," 61,902 "
NLK," 61,878 "
SWO," 61,647 "
ERH," 61,566 "
NLD," 61,526 "
YZG," 61,517 "
URS," 61,444 "
RYK," 61,400 "
GXH," 61,371 "
KQT," 61,322 "
AAN," 61,147 "
ZVJ," 61,074 "
YBX," 61,067 "
TIQ," 60,878 "
LAH," 60,857 "
IXY," 60,842 "
HGR," 60,840 "
AFL," 60,809 "
WJR," 60,750 "
RTI," 60,744 "
LIW," 60,569 "
GCC," 60,533 "
CZS," 60,474 "
GTE," 60,182 "
UIP," 60,136 "
KFS," 59,955 "
LUG," 59,949 "
ABR," 59,923 "
OAL," 59,820 "
YPR," 59,804 "
FKI," 59,730 "
CZH," 59,711 "
MSU," 59,681 "
MOH," 59,571 "
KNS," 59,526 "
ZDH," 59,513 "
DJG," 59,486 "
YAK," 59,434 "
JYV," 59,327 "
SFL," 59,233 "
KYZ," 59,221 "
PRA," 58,976 "
GIL," 58,875 "
ZSA," 58,488 "
KRF," 58,313 "
KID," 58,265 "
YHY," 58,146 "
SJI," 58,104 "
YVC," 58,093 "
FUJ," 57,882 "
HGN," 57,497 "
PRC," 57,299 "
DCM," 57,291 "
RHI," 57,207 "
AXA," 57,005 "
KWA," 56,826 "
HOB," 56,821 "
XDB," 56,612 "
HBQ," 56,589 "
TIU," 56,473 "
KCO," 56,283 "
OSY," 56,216 "
YPW," 56,197 "
KJH," 56,119 "
SHO," 56,111 "
PTG," 56,099 "
YKG," 55,984 "
MBI," 55,885 "
BZK," 55,874 "
WLS," 55,700 "
GGG," 55,425 "
SIS," 55,298 "
HKK," 55,125 "
LKL," 55,049 "
PMA," 54,980 "
TUK," 54,963 "
KLV," 54,638 "
PUM," 54,633 "
SJZ," 54,629 "
PXA," 54,485 "
BUP," 54,466 "
YDA," 54,457 "
NOV," 54,419 "
ZGS," 54,120 "
CIU," 53,829 "
TJH," 53,809 "
TMH," 53,764 "
MHQ," 53,733 "
BKG," 53,533 "
YMO," 53,525 "
LEN," 53,260 "
MKM," 53,258 "
BTM," 53,249 "
CDV," 53,187 "
KHD," 53,154 "
RSD," 53,105 "
EQS," 53,064 "
MAM," 53,043 "
RNI," 53,023 "
OGS," 53,022 "
PJM," 53,020 "
SIU," 53,018 "
SDN," 52,932 "
AIP," 52,801 "
STD," 52,794 "
AFA," 52,718 "
YPM," 52,567 "
UNG," 52,448 "
YGP," 52,305 "
UUA," 52,294 "
TKK," 52,289 "
GCK," 52,275 "
SRP," 52,224 "
EPR," 52,211 "
ROO," 52,210 "
PBU," 52,198 "
GVR," 52,107 "
BFI," 52,102 "
HYA," 51,985 "
YKU," 51,835 "
NEG," 51,637 "
RKS," 51,482 "
KYD," 51,354 "
ZYK," 51,195 "
TQP," 51,162 "
IEG," 51,091 "
YBK," 50,807 "
DIK," 50,678 "
ART," 50,526 "
LYB," 50,398 "
EUX," 50,361 "
YZT," 50,273 "
YKQ," 49,917 "
WME," 49,830 "
CJF," 49,794 "
SZE," 49,769 "
CMX," 49,750 "
KYP," 49,674 "
VNX," 49,631 "
BKZ," 49,492 "
KSA," 49,255 "
JSH," 49,234 "
SEU," 49,201 "
YSF," 49,112 "
CPX," 49,097 "
YIK," 48,935 "
NGK," 48,858 "
ALO," 48,663 "
CFB," 48,614 "
LWY," 48,496 "
ULK," 48,494 "
YMX," 48,446 "
THN," 48,406 "
MEI," 48,256 "
ONS," 48,119 "
XKH," 48,113 "
YUD," 48,002 "
BYP," 48,000 "
YWB," 47,938 "
CDC," 47,919 "
DWD," 47,911 "
YAT," 47,835 "
IMT," 47,822 "
WAG," 47,629 "
LRE," 47,583 "
YFA," 47,509 "
SMX," 47,466 "
PKE," 47,346 "
IXI," 47,263 "
BVG," 47,219 "
ZKE," 47,144 "
KIT," 47,055 "
JKG," 47,021 "
AGT," 46,949 "
NNX," 46,784 "
EAU," 46,728 "
BHS," 46,727 "
VHM," 46,555 "
LGI," 46,533 "
ASO," 46,442 "
JHS," 46,432 "
YBC," 46,384 "
HVG," 46,188 "
HYS," 46,113 "
RSA," 45,899 "
YCS," 45,836 "
PMK," 45,701 "
AUX," 45,693 "
AKR," 45,684 "
DRT," 45,601 "
EKO," 45,491 "
YXN," 45,462 "
AGF," 45,383 "
BRD," 45,340 "
ORU," 45,192 "
GOU," 45,164 "
PDA," 45,113 "
TTU," 45,076 "
YQC," 44,992 "
SLN," 44,937 "
AUR," 44,927 "
PAH," 44,923 "
GZO," 44,867 "
NYA," 44,815 "
ZSJ," 44,749 "
UKX," 44,622 "
KAZ," 44,529 "
YWL," 44,512 "
AKV," 44,154 "
CVM," 44,145 "
XJY," 44,078 "
KOK," 43,801 "
RRS," 43,737 "
YEK," 43,562 "
MBT," 43,505 "
NAM," 43,310 "
VXC," 43,282 "
EBJ," 43,239 "
IPT," 43,233 "
PKV," 43,055 "
FGI," 42,840 "
RIS," 42,819 "
SYJ," 42,788 "
OGN," 42,701 "
SXV," 42,679 "
VAW," 42,620 "
CVQ," 42,556 "
MRX," 42,349 "
HCJ," 42,347 "
YHU," 42,276 "
NHV," 42,264 "
SOJ," 42,103 "
UZR," 42,080 "
YTL," 42,045 "
LDH," 41,845 "
YAY," 41,799 "
GHS," 41,743 "
STC," 41,634 "
WOL," 41,634 "
YSM," 41,553 "
DTU," 41,352 "
LKE," 41,335 "
XQP," 41,334 "
LRS," 41,310 "
ZBF," 41,310 "
PCR," 41,207 "
SWL," 41,141 "
NLI," 41,015 "
MAS," 40,992 "
YGX," 40,865 "
MCV," 40,853 "
AGX," 40,795 "
YFO," 40,771 "
YQD," 40,770 "
YNA," 40,745 "
MPN," 40,705 "
AGR," 40,658 "
MMH," 40,654 "
OND," 40,578 "
BKN," 40,554 "
CAH," 40,236 "
VKG," 40,208 "
YUT," 40,169 "
EAR," 40,159 "
SUG," 40,093 "
OTI," 40,063 "
GRW," 40,047 "
UNK," 39,886 "
YZS," 39,870 "
KHM," 39,720 "
LUA," 39,664 "
BFM," 39,540 "
DRK," 39,491 "
SHL," 39,480 "
ESC," 39,444 "
BFF," 39,437 "
SAB," 39,316 "
ZVK," 39,271 "
ZUM," 39,237 "
RJM," 39,198 "
DOB," 39,171 "
TLI," 39,166 "
MKG," 39,144 "
SPY," 39,126 "
KLW," 39,098 "
OVS," 39,086 "
SIG," 38,965 "
CYP," 38,962 "
FSP," 38,778 "
TFF," 38,735 "
IPI," 38,712 "
AKF," 38,703 "
SJK," 38,679 "
KUS," 38,593 "
TVU," 38,583 "
BXH," 38,523 "
MJN," 38,489 "
AMH," 38,408 "
BVH," 38,382 "
ILQ," 38,313 "
CTL," 38,307 "
UOL," 38,261 "
ZFD," 38,105 "
BHU," 37,981 "
VDM," 37,960 "
UAK," 37,873 "
CRM," 37,794 "
AJK," 37,726 "
INL," 37,687 "
OWB," 37,591 "
GEV," 37,589 "
SZA," 37,508 "
TOE," 37,479 "
MNG," 37,375 "
HOX," 37,360 "
SSB," 37,331 "
SPB," 37,309 "
VVZ," 37,259 "
SMS," 37,187 "
FRW," 37,035 "
ZWE," 37,021 "
VQS," 36,988 "
YKL," 36,959 "
VOL," 36,944 "
KTE," 36,884 "
SHR," 36,854 "
XKS," 36,772 "
MOO," 36,639 "
LAR," 36,521 "
TSY," 36,520 "
GDE," 36,488 "
BUT," 36,456 "
DEE," 36,449 "
MRZ," 36,435 "
CMG," 36,434 "
PPQ," 36,434 "
BOY," 36,329 "
SMT," 36,301 "
TXF," 36,224 "
SHD," 36,083 "
ITU," 36,053 "
IZT," 35,972 "
SVU," 35,892 "
PGA," 35,815 "
PIR," 35,804 "
FMI," 35,798 "
RCU," 35,771 "
GAL," 35,714 "
LLO," 35,675 "
PIN," 35,648 "
VPY," 35,612 "
MUR," 35,577 "
RIW," 35,517 "
MVB," 35,507 "
SLW," 35,449 "
ILY," 35,309 "
HIB," 35,193 "
CNY," 35,018 "
TJL," 34,954 "
GTS," 34,911 "
BEB," 34,752 "
NEV," 34,705 "
MNA," 34,569 "
HMV," 34,517 "
NAH," 34,448 "
AHJ," 34,429 "
PTX," 34,420 "
BAY," 34,343 "
IFJ," 34,253 "
OHH," 33,982 "
XSC," 33,955 "
TKQ," 33,951 "
GNI," 33,948 "
IAR," 33,825 "
PGH," 33,691 "
FRD," 33,690 "
MVF," 33,331 "
IWA," 33,250 "
PHQ," 33,185 "
LBF," 33,178 "
CYS," 33,166 "
EJN," 32,978 "
ACZ," 32,937 "
RIA," 32,895 "
KGA," 32,874 "
MUA," 32,808 "
VHC," 32,725 "
LNO," 32,687 "
BCV," 32,663 "
JEG," 32,641 "
MUH," 32,614 "
KND," 32,374 "
NRK," 32,258 "
JKL," 32,236 "
ULO," 32,190 "
ZEL," 32,168 "
BHV," 32,082 "
BQJ," 31,993 "
RDB," 31,716 "
PET," 31,656 "
HGO," 31,649 "
CED," 31,627 "
VIN," 31,480 "
OGD," 31,449 "
TEE," 31,448 "
RVD," 31,441 "
BCU," 31,348 "
TGT," 31,310 "
ILD," 31,253 "
ZNA," 31,201 "
SUP," 31,161 "
BYO," 31,152 "
KME," 31,117 "
XCH," 31,041 "
TBW," 30,865 "
ANI," 30,755 "
YQK," 30,739 "
TMX," 30,602 "
ZRJ," 30,600 "
YGT," 30,534 "
MVR," 30,478 "
IKU," 30,475 "
YMT," 30,404 "
YXP," 30,403 "
SXZ," 30,396 "
TUP," 30,161 "
MCN," 30,158 "
VGZ," 30,079 "
JMS," 29,942 "
DZN," 29,906 "
TIH," 29,898 "
YGH," 29,881 "
CGI," 29,867 "
MVP," 29,557 "
AUQ," 29,545 "
DAU," 29,480 "
YIO," 29,394 "
YZP," 29,383 "
GWD," 29,350 "
FLS," 29,332 "
YOJ," 29,327 "
PQI," 29,304 "
KSD," 29,131 "
TBG," 29,104 "
YCO," 29,071 "
BUX," 28,975 "
TMI," 28,910 "
GFN," 28,905 "
AOE," 28,866 "
APN," 28,831 "
BKY," 28,648 "
OTH," 28,647 "
RAQ," 28,612 "
ATY," 28,603 "
MYW," 28,577 "
BBN," 28,496 "
ONQ," 28,401 "
JTY," 28,374 "
JZH," 28,313 "
YAG," 28,228 "
OLZ," 28,043 "
BID," 27,891 "
WST," 27,891 "
RHT," 27,860 "
LZC," 27,856 "
SKU," 27,808 "
LWB," 27,760 "
HZH," 27,707 "
YPJ," 27,697 "
GGR," 27,601 "
INB," 27,501 "
DUE," 27,465 "
LUH," 27,445 "
MEQ," 27,336 "
PSJ," 27,181 "
TXE," 27,178 "
MAU," 27,175 "
YTQ," 27,161 "
GPI," 27,061 "
ZGC," 27,044 "
TAY," 26,961 "
MYA," 26,911 "
BMO," 26,909 "
NRE," 26,899 "
LWE," 26,895 "
JIO," 26,889 "
RJB," 26,888 "
RTG," 26,881 "
ZRI," 26,878 "
KSM," 26,836 "
YFS," 26,778 "
BZZ," 26,760 "
YOC," 26,732 "
CAW," 26,704 "
TBI," 26,501 "
PIB," 26,485 "
LMU," 26,471 "
WPU," 26,451 "
NRA," 26,354 "
VEL," 26,152 "
CCK," 26,065 "
SLV," 25,939 "
INZ," 25,921 "
WHK," 25,915 "
PUB," 25,871 "
DIU," 25,806 "
YHD," 25,764 "
MFU," 25,618 "
NUS," 25,520 "
LUO," 25,501 "
FYU," 25,485 "
MSZ," 25,335 "
ONG," 25,306 "
VPE," 25,182 "
FAV," 25,014 "
WNN," 25,002 "
MDK," 24,955 "
LKY," 24,925 "
ULG," 24,894 "
IUE," 24,891 "
JYR," 24,886 "
BMW," 24,861 "
JQA," 24,813 "
TOW," 24,804 "
YUX," 24,735 "
SLI," 24,667 "
CHX," 24,648 "
ABM," 24,625 "
TCP," 24,624 "
USQ," 24,586 "
LAJ," 24,576 "
BJB," 24,429 "
LVP," 24,427 "
PDS," 24,378 "
GLX," 24,368 "
OZG," 24,314 "
YSK," 24,139 "
WBM," 24,104 "
RIH," 24,006 "
YAX," 23,925 "
YZZ," 23,855 "
BCO," 23,803 "
ASV," 23,738 "
KAC," 23,597 "
YAZ," 23,544 "
OMO," 23,522 "
KNQ," 23,510 "
NWA," 23,388 "
ZWL," 23,370 "
DMD," 23,336 "
VDZ," 23,329 "
RVE," 23,271 "
YYH," 23,226 "
ESD," 23,220 "
PGZ," 23,196 "
KWB," 23,075 "
SML," 23,068 "
VSE," 23,042 "
PCN," 23,028 "
CAT," 22,961 "
VRL," 22,941 "
MNC," 22,887 "
NYW," 22,827 "
LDZ," 22,782 "
ZFV," 22,769 "
CVU," 22,675 "
FAH," 22,656 "
JSU," 22,303 "
KEU," 22,295 "
GEL," 22,281 "
ZFN," 22,271 "
IKS," 22,265 "
LEB," 22,240 "
PQM," 22,223 "
IRI," 22,215 "
KIF," 22,153 "
HVD," 22,147 "
MWA," 22,021 "
FUT," 21,854 "
SNE," 21,845 "
AGM," 21,824 "
CDB," 21,821 "
GLN," 21,801 "
CMJ," 21,780 "
YVB," 21,720 "
BNS," 21,686 "
YHK," 21,672 "
PVC," 21,662 "
TNO," 21,610 "
RJL," 21,555 "
VAV," 21,549 "
KTL," 21,504 "
YBB," 21,498 "
PHW," 21,447 "
UNA," 21,432 "
XDS," 21,428 "
UIN," 21,414 "
TRA," 21,338 "
MMD," 21,333 "
AFZ," 21,318 "
BHB," 21,209 "
KWM," 21,179 "
AUK," 21,137 "
JUV," 21,067 "
SLD," 21,017 "
URJ," 21,012 "
FON," 20,932 "
SEB," 20,809 "
KSL," 20,739 "
JSY," 20,707 "
MDR," 20,700 "
ZEM," 20,659 "
XGR," 20,657 "
BSC," 20,637 "
YQZ," 20,624 "
IRG," 20,590 "
YAB," 20,572 "
LLK," 20,560 "
XBE," 20,547 "
CGA," 20,456 "
PPK," 20,407 "
KTB," 20,399 "
DND," 20,380 "
MOQ," 20,353 "
TMU," 20,350 "
YNP," 20,228 "
YMA," 20,138 "
GEM," 20,103 "
DVL," 20,090 "
SDY," 20,054 "
MXV," 20,037 "
YHO," 19,992 "
SVA," 19,964 "
YLL," 19,954 "
URG," 19,919 "
NTN," 19,916 "
HKR," 19,894 "
SQN," 19,886 "
ZPB," 19,869 "
KTJ," 19,867 "
OSJ," 19,833 "
TCB," 19,815 "
OLX," 19,792 "
YNC," 19,777 "
BKW," 19,772 "
TUB," 19,684 "
IAM," 19,676 "
FUN," 19,638 "
OIR," 19,599 "
LOO," 19,577 "
ZMT," 19,544 "
RGS," 19,517 "
AUU," 19,509 "
GST," 19,472 "
CYD," 19,460 "
EDR," 19,395 "
LQM," 19,391 "
PNT," 19,345 "
GAM," 19,323 "
BPG," 19,308 "
YRB," 19,274 "
TGR," 19,251 "
CEZ," 19,138 "
CCL," 19,093 "
LFM," 19,081 "
WYS," 19,053 "
DEC," 19,040 "
KCK," 19,024 "
NIS," 19,011 "
YZR," 18,988 "
SEK," 18,968 "
GLU," 18,934 "
NYK," 18,923 "
HNS," 18,900 "
YSO," 18,817 "
NGE," 18,781 "
YMN," 18,719 "
TBH," 18,616 "
HUE," 18,611 "
POI," 18,517 "
BIM," 18,510 "
CQD," 18,428 "
GCH," 18,423 "
IHR," 18,423 "
RUR," 18,397 "
BXR," 18,373 "
SNR," 18,365 "
YTE," 18,318 "
CEC," 18,313 "
TRO," 18,244 "
SUR," 18,231 "
HDF," 18,181 "
TTA," 18,140 "
KPW," 18,114 "
CUM," 18,080 "
UMD," 18,069 "
EBD," 18,050 "
EMK," 17,996 "
XNH," 17,994 "
LSY," 17,930 "
MTM," 17,868 "
HPB," 17,861 "
VAK," 17,850 "
CPD," 17,841 "
NGY," 17,834 "
KTP," 17,823 "
BXG," 17,820 "
JST," 17,799 "
USR," 17,794 "
MJK," 17,660 "
KEW," 17,619 "
MGW," 17,594 "
KHX," 17,522 "
KSE," 17,522 "
SGY," 17,476 "
KHK," 17,423 "
ZAJ," 17,409 "
URO," 17,364 "
NEI," 17,359 "
SUY," 17,347 "
GMA," 17,326 "
SMK," 17,319 "
YVZ," 17,254 "
BYK," 17,246 "
LZS," 17,234 "
NYR," 17,203 "
PCP," 17,198 "
LBL," 17,188 "
OMD," 17,177 "
BUN," 17,098 "
LAK," 17,089 "
DPT," 17,052 "
WSK," 17,001 "
THX," 16,972 "
SKH," 16,923 "
QJZ," 16,893 "
EAP," 16,880 "
KWN," 16,812 "
MSA," 16,803 "
YTM," 16,775 "
YDP," 16,771 "
BWK," 16,742 "
ALS," 16,672 "
RET," 16,572 "
YWJ," 16,552 "
HNH," 16,453 "
KUK," 16,428 "
KSJ," 16,394 "
BYC," 16,266 "
USJ," 16,266 "
RUD," 16,263 "
YNL," 16,237 "
YAP," 16,218 "
YPL," 16,212 "
BDD," 16,198 "
ATT," 16,173 "
YRG," 16,162 "
MZO," 16,147 "
ASS," 16,102 "
KUG," 16,057 "
ELC," 15,866 "
MCE," 15,818 "
LMO," 15,817 "
CTN," 15,811 "
CHT," 15,791 "
ULX," 15,790 "
TCA," 15,789 "
INH," 15,782 "
TNK," 15,775 "
VRY," 15,766 "
KIE," 15,764 "
YNO," 15,739 "
JCN," 15,736 "
IXT," 15,724 "
NME," 15,700 "
ITB," 15,696 "
MNI," 15,648 "
DUJ," 15,629 "
VKT," 15,538 "
TEX," 15,529 "
SPP," 15,445 "
YYE," 15,445 "
SXP," 15,435 "
DGE," 15,373 "
HAA," 15,363 "
JCK," 15,359 "
OLG," 15,352 "
TEZ," 15,312 "
BNC," 15,298 "
KOT," 15,251 "
ANA," 15,220 "
MWK," 15,213 "
KZI," 15,208 "
KSO," 15,185 "
ZLT," 15,078 "
RCM," 15,072 "
MFA," 15,049 "
HGD," 15,018 "
MCW," 14,989 "
KPN," 14,976 "
WSN," 14,956 "
RKD," 14,867 "
OUZ," 14,805 "
TDK," 14,742 "
KMU," 14,691 "
BRR," 14,601 "
EUQ," 14,549 "
BRL," 14,508 "
SJE," 14,488 "
OLA," 14,485 "
ZIS," 14,459 "
QBC," 14,405 "
LPX," 14,388 "
PDT," 14,365 "
PTO," 14,293 "
LPY," 14,250 "
ARW," 14,249 "
MQQ," 14,211 "
KRC," 14,149 "
GAS," 14,137 "
MMO," 14,104 "
VCT," 14,103 "
WTL," 14,081 "
TMF," 14,034 "
YVM," 14,015 "
UII," 13,902 "
FYT," 13,892 "
KZS," 13,882 "
WBB," 13,838 "
ROP," 13,777 "
BSA," 13,700 "
VBA," 13,673 "
LUP," 13,648 "
FOD," 13,631 "
MAZ," 13,618 "
OOK," 13,606 "
SYS," 13,598 "
IPL," 13,582 "
CBG," 13,570 "
NOB," 13,570 "
BQC," 13,535 "
YDQ," 13,509 "
BRN," 13,458 "
ZKG," 13,406 "
AUG," 13,399 "
LNU," 13,348 "
TOB," 13,348 "
ORG," 13,332 "
BGN," 13,267 "
LNS," 13,245 "
WIC," 13,241 "
ELG," 13,216 "
IAA," 13,161 "
SCM," 13,145 "
NRR," 13,142 "
GLH," 12,994 "
ZTB," 12,969 "
RHD," 12,944 "
KOV," 12,919 "
SDP," 12,918 "
SNX," 12,877 "
OJU," 12,854 "
TMT," 12,850 "
PRM," 12,810 "
ZKP," 12,809 "
BGC," 12,806 "
KSR," 12,793 "
RUT," 12,766 "
MSL," 12,765 "
NGL," 12,759 "
VRB," 12,724 "
MKC," 12,722 "
MRQ," 12,711 "
BBL," 12,697 "
MIS," 12,694 "
NAA," 12,678 "
XOC," 12,678 "
MJC," 12,666 "
WPR," 12,664 "
XRF," 12,620 "
YON," 12,611 "
KEO," 12,605 "
RGT," 12,596 "
ECI," 12,584 "
SVP," 12,554 "
DHG," 12,553 "
MQJ," 12,330 "
GAO," 12,277 "
IXP," 12,274 "
KVR," 12,264 "
TCX," 12,250 "
TRE," 12,249 "
WMN," 12,249 "
PAZ," 12,232 "
YJT," 12,194 "
WFB," 12,173 "
PBR," 12,093 "
CYF," 12,071 "
TUV," 12,021 "
CYX," 11,940 "
PKB," 11,899 "
OOM," 11,889 "
AHE," 11,843 "
XMH," 11,829 "
ICO," 11,811 "
SIQ," 11,743 "
KTR," 11,718 "
VLY," 11,694 "
PBL," 11,691 "
ONK," 11,638 "
MOG," 11,636 "
ARX," 11,503 "
IRP," 11,494 "
LIO," 11,488 "
OCJ," 11,442 "
SVC," 11,436 "
BLD," 11,433 "
TBN," 11,389 "
XWA," 11,370 "
IRK," 11,367 "
ORZ," 11,359 "
RBH," 11,312 "
CXI," 11,297 "
CAX," 11,253 "
DDC," 11,245 "
WSZ," 11,230 "
NUL," 11,186 "
VAL," 11,166 "
YCY," 11,151 "
YHI," 11,123 "
BIN," 11,103 "
CTD," 11,069 "
BCA," 11,066 "
GOB," 11,052 "
ABL," 11,038 "
SLK," 11,026 "
PAV," 11,021 "
ILI," 10,994 "
DEA," 10,993 "
CVN," 10,986 "
TBO," 10,954 "
LEC," 10,947 "
VAG," 10,919 "
BVI," 10,891 "
HRO," 10,888 "
OKR," 10,872 "
THU," 10,870 "
YER," 10,868 "
AXR," 10,850 "
BST," 10,840 "
CUQ," 10,797 "
CJL," 10,794 "
CNM," 10,782 "
LVO," 10,752 "
YNS," 10,744 "
KTD," 10,671 "
SYQ," 10,620 "
LUK," 10,601 "
FEC," 10,591 "
HSL," 10,589 "
ELI," 10,399 "
TVF," 10,388 "
IKI," 10,381 "
GHT," 10,377 "
AKS," 10,364 "
KWT," 10,360 "
PIO," 10,355 "
BUC," 10,302 "
CMA," 10,291 "
KVL," 10,286 "
MPA," 10,279 "
THG," 10,270 "
MSS," 10,240 "
PHO," 10,212 "
DLZ," 10,205 "
WIN," 10,191 "
SGO," 10,190 "
WNR," 10,175 "
EGM," 10,159 "
CKH," 10,127 "
RBY," 10,094 "
AOO," 10,080 "
SHG," 10,065 "
CCN," 10,058 "
RJN," 10,055 "
WSP," 10,037 "
BEU," 10,028 "
KHY," 10,009 "
BWB," 9,993 "
AJY," 9,984 "
BDH," 9,975 "
IGA," 9,963 "
JAA," 9,932 "
HDM," 9,923 "
UAP," 9,916 "
RVV," 9,915 "
BQL," 9,909 "
HOT," 9,877 "
KKH," 9,874 "
ULP," 9,866 "
BFX," 9,849 "
PBZ," 9,838 "
SKK," 9,826 "
EWB," 9,815 "
TKX," 9,761 "
XMY," 9,760 "
IRA," 9,741 "
BKC," 9,721 "
WWT," 9,662 "
FBD," 9,653 "
HLE," 9,653 "
JBR," 9,632 "
ORV," 9,597 "
YND," 9,589 "
GTZ," 9,567 "
EEK," 9,563 "
CBL," 9,559 "
VEE," 9,468 "
DWO," 9,452 "
BFD," 9,440 "
ZGN," 9,433 "
BPC," 9,421 "
UAS," 9,379 "
YPY," 9,354 "
KKI," 9,325 "
MYI," 9,315 "
PJG," 9,296 "
YRA," 9,283 "
MGT," 9,280 "
UKG," 9,225 "
ZTI," 9,186 "
NLF," 9,116 "
TFI," 9,036 "
YWP," 9,035 "
JFR," 9,034 "
YFH," 9,002 "
MKR," 8,988 "
HPA," 8,978 "
WUN," 8,965 "
PWE," 8,936 "
IWD," 8,904 "
MWQ," 8,898 "
CDR," 8,854 "
IAN," 8,851 "
YHP," 8,849 "
MKL," 8,784 "
TII," 8,766 "
ELD," 8,761 "
SOW," 8,736 "
YCL," 8,699 "
WTK," 8,696 "
JOK," 8,679 "
GLV," 8,649 "
KDV," 8,644 "
NBN," 8,579 "
CAQ," 8,577 "
AEH," 8,566 "
VBS," 8,538 "
YES," 8,538 "
KLG," 8,530 "
SQL," 8,529 "
KAE," 8,501 "
RMT," 8,492 "
GGW," 8,445 "
WAA," 8,418 "
KQA," 8,404 "
WMO," 8,400 "
TLT," 8,395 "
YFJ," 8,367 "
NUP," 8,319 "
VBP," 8,281 "
AKI," 8,260 "
VPG," 8,242 "
GIC," 8,201 "
WLK," 8,180 "
GCN," 8,175 "
MGH," 8,160 "
ZND," 8,149 "
SBR," 8,132 "
CNC," 8,129 "
GZG," 8,102 "
XQU," 8,094 "
SYU," 8,054 "
RZH," 8,034 "
KTS," 8,010 "
OBU," 8,004 "
PYH," 8,003 "
KKA," 7,993 "
HHR," 7,958 "
PUG," 7,946 "
CAL," 7,890 "
SUK," 7,890 "
LNE," 7,884 "
ADE," 7,867 "
TAL," 7,856 "
SVI," 7,853 "
PMZ," 7,835 "
JWN," 7,822 "
YLE," 7,790 "
NDU," 7,759 "
PZL," 7,757 "
OLF," 7,753 "
PQS," 7,657 "
JEK," 7,589 "
ZIX," 7,581 "
LSA," 7,575 "
PHB," 7,563 "
AIN," 7,557 "
OMM," 7,548 "
LUD," 7,542 "
XZI," 7,529 "
SNP," 7,526 "
YPO," 7,506 "
VAO," 7,494 "
TEB," 7,475 "
PFQ," 7,456 "
BTT," 7,417 "
MMZ," 7,411 "
SZI," 7,376 "
MOU," 7,372 "
NAQ," 7,362 "
MAK," 7,352 "
AKP," 7,310 "
MYU," 7,284 "
OSO," 7,282 "
MNU," 7,256 "
NDE," 7,250 "
MMG," 7,227 "
SJL," 7,224 "
BKL," 7,195 "
PTJ," 7,146 "
BJS," 7,090 "
HTG," 7,077 "
GLF," 7,069 "
THO," 7,060 "
VPN," 7,058 "
EUA," 7,055 "
JAR," 7,037 "
YSG," 7,027 "
RSS," 6,929 "
KWK," 6,916 "
HVR," 6,912 "
YGV," 6,910 "
PLC," 6,865 "
CIK," 6,862 "
KDZ," 6,857 "
SLX," 6,774 "
GLK," 6,757 "
AXP," 6,744 "
MVT," 6,722 "
MUE," 6,710 "
KYU," 6,687 "
KNW," 6,677 "
YPN," 6,677 "
CHY," 6,644 "
UAR," 6,636 "
BQG," 6,616 "
ARC," 6,576 "
TWA," 6,523 "
ULZ," 6,489 "
AIA," 6,469 "
IVR," 6,453 "
GMR," 6,442 "
LTI," 6,438 "
HRI," 6,435 "
ZVH," 6,399 "
NEU," 6,380 "
XTO," 6,366 "
RNL," 6,360 "
ABK," 6,290 "
FBS," 6,290 "
SHH," 6,274 "
ADK," 6,257 "
AGN," 6,203 "
ETL," 6,146 "
AET," 6,144 "
YLH," 6,141 "
OTR," 6,132 "
ACI," 6,130 "
TGP," 6,112 "
SLH," 6,110 "
DRG," 6,072 "
ERG," 6,068 "
ORB," 5,998 "
YAA," 5,980 "
HOI," 5,975 "
HCR," 5,955 "
NUI," 5,935 "
HOE," 5,930 "
FAU," 5,926 "
NCJ," 5,919 "
ATK," 5,908 "
BEM," 5,901 "
BTI," 5,875 "
GRY," 5,870 "
TME," 5,841 "
ZSB," 5,796 "
BCI," 5,784 "
KAL," 5,750 "
RTA," 5,747 "
WUU," 5,719 "
XTG," 5,707 "
CHR," 5,656 "
MWF," 5,654 "
UAH," 5,640 "
CCV," 5,581 "
TGC," 5,552 "
CCR," 5,528 "
HFA," 5,526 "
GDV," 5,525 "
KXK," 5,497 "
WMB," 5,479 "
ZFQ," 5,435 "
GIU," 5,433 "
CNP," 5,431 "
SFS," 5,367 "
EKS," 5,350 "
KLN," 5,329 "
HUU," 5,326 "
HYL," 5,317 "
NUM," 5,304 "
COQ," 5,292 "
TKE," 5,230 "
CRI," 5,225 "
RCQ," 5,216 "
SCZ," 5,214 "
YLC," 5,185 "
AAX," 5,183 "
IGG," 5,154 "
CYU," 5,120 "
CLP," 5,093 "
MLL," 5,090 "
GBB," 5,066 "
MFQ," 5,066 "
RSH," 5,061 "
TOG," 5,036 "
DQU," 5,033 "
TRR," 5,009 "
MCK," 5,008 "
KRB," 5,004 "
UGB," 4,995 "
ERN," 4,963 "
MCG," 4,949 "
YBE," 4,947 "
YSY," 4,924 "
JJM," 4,904 "
PIP," 4,862 "
CFG," 4,853 "
RZG," 4,827 "
FRE," 4,802 "
SHX," 4,787 "
ACD," 4,772 "
PDK," 4,740 "
YPC," 4,725 "
KCL," 4,708 "
HKB," 4,689 "
IPA," 4,664 "
INF," 4,651 "
SIC," 4,643 "
ANV," 4,640 "
RUA," 4,601 "
PPW," 4,587 "
LGL," 4,569 "
DKS," 4,486 "
HNM," 4,481 "
FKL," 4,472 "
KGX," 4,468 "
SSR," 4,467 "
EGX," 4,463 "
FIZ," 4,440 "
TKJ," 4,436 "
UBB," 4,433 "
TQQ," 4,426 "
LON," 4,360 "
MYG," 4,356 "
UIT," 4,322 "
PIZ," 4,312 "
ODN," 4,309 "
KCQ," 4,302 "
PCQ," 4,265 "
MPC," 4,256 "
OBN," 4,254 "
BKM," 4,222 "
FOG," 4,222 "
TQR," 4,222 "
OLH," 4,205 "
ZFJ," 4,180 "
SOM," 4,174 "
SFD," 4,172 "
SLM," 4,167 "
TLU," 4,153 "
DJN," 4,152 "
RBV," 4,149 "
BTC," 4,108 "
KPV," 4,107 "
XPJ," 4,101 "
AEU," 4,086 "
BQU," 4,080 "
TTQ," 4,080 "
RIV," 4,070 "
OTD," 4,068 "
ODE," 4,055 "
GAE," 4,044 "
PUE," 4,043 "
PEC," 4,032 "
MTV," 4,029 "
DBA," 4,001 "
EMR," 3,970 "
FTI," 3,956 "
HUS," 3,941 "
KCG," 3,930 "
PVA," 3,916 "
AVN," 3,905 "
ENF," 3,905 "
AUY," 3,861 "
UDJ," 3,843 "
TLA," 3,838 "
SRH," 3,801 "
KGE," 3,759 "
BNY," 3,710 "
ZIY," 3,709 "
OBY," 3,706 "
KCT," 3,704 "
ZGU," 3,692 "
RUS," 3,686 "
KEH," 3,664 "
BMG," 3,633 "
KUD," 3,626 "
TLY," 3,625 "
PGM," 3,623 "
MXH," 3,611 "
GUO," 3,610 "
PEU," 3,601 "
VHV," 3,583 "
KKR," 3,559 "
NRL," 3,554 "
CAF," 3,550 "
KBC," 3,496 "
BAZ," 3,486 "
VYI," 3,482 "
YPB," 3,460 "
MXX," 3,447 "
POR," 3,434 "
CUA," 3,428 "
XYI," 3,423 "
EBG," 3,418 "
GYG," 3,411 "
SOY," 3,396 "
QRH," 3,381 "
NDY," 3,370 "
LBP," 3,335 "
WRY," 3,335 "
PTH," 3,314 "
RNM," 3,311 "
LWK," 3,304 "
MHG," 3,298 "
PTK," 3,289 "
XOP," 3,287 "
DDV," 3,270 "
BER," 3,261 "
LJA," 3,247 "
LMC," 3,229 "
TGX," 3,229 "
GUB," 3,188 "
KBH," 3,171 "
HDK," 3,152 "
GCW," 3,148 "
CCA," 3,146 "
WJA," 3,136 "
KEB," 3,134 "
CEM," 3,127 "
YGZ," 3,110 "
TFY," 3,089 "
ENT," 3,077 "
KIO," 3,074 "
NDK," 3,074 "
CIZ," 3,071 "
TNC," 3,070 "
FYG," 3,062 "
SOV," 3,041 "
AIC," 3,036 "
UTS," 3,032 "
LKH," 3,013 "
MGU," 3,008 "
WBQ," 3,004 "
BKQ," 3,002 "
SOB," 2,990 "
TDG," 2,965 "
RNT," 2,959 "
KMO," 2,944 "
MNS," 2,936 "
ACU," 2,918 "
TKP," 2,917 "
NLG," 2,916 "
SRV," 2,909 "
FOE," 2,850 "
JIA," 2,784 "
JBD," 2,775 "
ELV," 2,723 "
DLR," 2,719 "
COL," 2,718 "
RDV," 2,690 "
CLD," 2,681 "
VLS," 2,669 "
EAE," 2,658 "
TGH," 2,657 "
PML," 2,599 "
GYM," 2,587 "
SPX," 2,582 "
LNB," 2,578 "
PYC," 2,573 "
SWV," 2,568 "
KVC," 2,554 "
MNT," 2,541 "
JEJ," 2,494 "
HCQ," 2,492 "
MJB," 2,492 "
MJE," 2,492 "
AWD," 2,489 "
FTA," 2,486 "
XZN," 2,460 "
KDA," 2,459 "
KKL," 2,448 "
SAO," 2,438 "
LIX," 2,421 "
WNA," 2,419 "
ULB," 2,415 "
WLE," 2,413 "
PBJ," 2,404 "
PEX," 2,399 "
NIU," 2,398 "
TOH," 2,392 "
ORI," 2,366 "
DLY," 2,360 "
CHU," 2,307 "
KHQ," 2,295 "
SAH," 2,293 "
NSQ," 2,284 "
TIZ," 2,278 "
PRS," 2,274 "
KSZ," 2,227 "
NUF," 2,220 "
HBP," 2,218 "
FIE," 2,216 "
GAF," 2,211 "
SLQ," 2,207 "
KOZ," 2,200 "
ASI," 2,188 "
TSL," 2,188 "
PKA," 2,169 "
GME," 2,164 "
MKP," 2,162 "
SWJ," 2,162 "
KIY," 2,157 "
NCR," 2,155 "
YIP," 2,149 "
ZDJ," 2,130 "
DBB," 2,128 "
PYG," 2,119 "
BAS," 2,117 "
LPM," 2,097 "
XSH," 2,094 "
SIR," 2,081 "
ORT," 2,076 "
ADH," 2,071 "
ATD," 2,071 "
WNI," 2,059 "
OAI," 2,045 "
ATR," 2,044 "
MLY," 2,041 "
OFU," 2,040 "
MHM," 2,034 "
RMP," 2,031 "
TGQ," 2,028 "
NNB," 1,998 "
KLL," 1,992 "
ZZU," 1,972 "
XJN," 1,968 "
AOS," 1,962 "
RNA," 1,960 "
YQA," 1,959 "
PKO," 1,952 "
KZB," 1,948 "
SVS," 1,938 "
DOP," 1,900 "
RVT," 1,880 "
JQE," 1,859 "
HYG," 1,852 "
CBI," 1,840 "
ZVE," 1,835 "
KPR," 1,811 "
AAD," 1,809 "
KPY," 1,807 "
EDA," 1,804 "
BLW," 1,803 "
KCC," 1,791 "
CZN," 1,777 "
KKB," 1,777 "
GCT," 1,770 "
TGI," 1,769 "
QXG," 1,768 "
GNU," 1,743 "
MIL," 1,732 "
CSA," 1,721 "
SYB," 1,718 "
KWP," 1,706 "
IMK," 1,704 "
PTU," 1,699 "
UMS," 1,683 "
SAJ," 1,679 "
ANE," 1,670 "
CFO," 1,668 "
CKD," 1,656 "
KOY," 1,656 "
SVL," 1,656 "
TKF," 1,656 "
KWF," 1,655 "
AKK," 1,640 "
ALZ," 1,633 "
CSK," 1,626 "
DIW," 1,623 "
LLM," 1,616 "
ZYA," 1,609 "
NQT," 1,602 "
SVR," 1,602 "
IRC," 1,597 "
LKB," 1,587 "
SRK," 1,587 "
SXO," 1,586 "
AEM," 1,584 "
VBV," 1,576 "
APK," 1,574 "
ICI," 1,574 "
KXF," 1,571 "
TQA," 1,569 "
EDN," 1,565 "
PPV," 1,548 "
BFQ," 1,544 "
KPB," 1,541 "
UGI," 1,541 "
CAZ," 1,536 "
NNL," 1,534 "
PTA," 1,534 "
IUI," 1,515 "
SGG," 1,512 "
WZA," 1,511 "
KUZ," 1,509 "
CHI," 1,498 "
UPK," 1,487 "
QNQ," 1,484 "
NIR," 1,483 "
WAS," 1,475 "
PDB," 1,468 "
FTW," 1,466 "
KGK," 1,464 "
VUS," 1,449 "
LBR," 1,447 "
WOT," 1,422 "
TIB," 1,420 "
BQT," 1,407 "
DSI," 1,389 "
KGQ," 1,365 "
LMA," 1,362 "
ZYT," 1,361 "
MMU," 1,357 "
SAE," 1,346 "
KFI," 1,342 "
LOD," 1,338 "
IKE," 1,323 "
WWP," 1,323 "
PAF," 1,316 "
KMY," 1,303 "
NKI," 1,298 "
JUK," 1,295 "
XJU," 1,293 "
LQP," 1,281 "
HIG," 1,278 "
LUU," 1,276 "
CKX," 1,273 "
LIK," 1,273 "
YGB," 1,272 "
NIQ," 1,265 "
WTO," 1,249 "
EBO," 1,247 "
EJT," 1,247 "
AIM," 1,246 "
LML," 1,246 "
MIJ," 1,246 "
UJE," 1,246 "
UTK," 1,246 "
WTE," 1,244 "
YTO," 1,215 "
RIO," 1,194 "
SVN," 1,184 "
AGC," 1,172 "
STG," 1,149 "
NYC," 1,129 "
AAA," 1,127 "
LAF," 1,112 "
KNK," 1,109 "
QAR," 1,107 "
WLH," 1,105 "
FOA," 1,088 "
VIF," 1,088 "
LEH," 1,074 "
TRM," 1,074 "
HFD," 1,067 "
BVJ," 1,066 "
XIK," 1,063 "
BLE," 1,039 "
FSA," 1,026 "
EXI," 1,010 "
MPP, 975 
SLJ, 962 
WHD, 948 
SRN, 947 
LUR, 938 
INA, 927 
CHH, 910 
HHS, 907 
QXB, 905 
PPL, 901 
YAC, 869 
OGM, 864 
ZUI, 863 
AIR, 838 
KDY, 838 
EML, 835 
RKA, 833 
IOQ, 831 
KFP, 823 
ERR, 822 
XHK, 819 
ROM, 815 
KEK, 812 
KLB, 809 
AOQ, 796 
PZH, 791 
TQI, 785 
FYV, 778 
CEG, 774 
HZD, 771 
YNG, 764 
HEC, 751 
BUE, 710 
OWD, 700 
JBU, 698 
SYG, 696 
FAC, 673 
LJR, 657 
NPY, 646 
YJV, 646 
KHT, 642 
ABG, 640 
DFP, 640 
DNB, 640 
GBP, 640 
IKP, 640 
WPK, 640 
BVW, 638 
CFW, 638 
DXD, 638 
LFP, 638 
MBL, 623 
LZB, 620 
EOI, 606 
BAT, 600 
FRC, 599 
ZLN, 598 
TYO, 594 
ZYZ, 580 
MEN, 578 
AFW, 576 
PAR, 567 
KDW, 563 
XIZ, 561 
BMB, 559 
ZWI, 553 
NBW, 544 
SKF, 544 
BPR, 542 
ZYN, 538 
IWO, 532 
LBG, 532 
YUG, 525 
AKB, 515 
UIG, 515 
EBH, 509 
XQA, 509 
TID, 507 
ZBL, 500 
ZMS, 492 
DPB, 482 
JAF, 475 
TCL, 460 
IKO, 459 
YJM, 454 
DTZ, 433 
CRC, 432 
ZIU, 430 
MJD, 429 
PNG, 424 
SSN, 423 
BZY, 416 
MES, 415 
OSA, 415 
THJ, 414 
FVS, 410 
YFT, 407 
YQH, 400 
DDB, 398 
IBT, 397 
ZMU, 397 
KAA, 393 
BYN, 390 
QFB, 384 
EXS, 378 
YMQ, 373 
EAA, 369 
MOW, 368 
MYF, 365 
MTS, 363 
LZD, 362 
DCF, 358 
ILS, 358 
LLD, 357 
TAR, 356 
SEL, 355 
HIS, 353 
GBX, 349 
YJE, 348 
BGX, 345 
STO, 344 
YJB, 333 
JUM, 326 
QYH, 319 
TEU, 318 
MDU, 317 
HNZ, 316 
MBX, 310 
NTY, 306 
TEC, 294 
OXQ, 287 
NSZ, 281 
KOM, 279 
RIG, 279 
BIF, 270 
VTI, 269 
WAM, 256 
XVQ, 255 
DTT, 250 
CBW, 245 
QYE, 245 
TBJ, 240 
SRA, 239 
AYX, 232 
CKW, 228 
KJR, 225 
XWC, 218 
MNY, 215 
BWE, 214 
DHU, 214 
PXG, 202 
AUB, 199 
VCV, 199 
QDL, 198 
QTR, 197 
XJR, 195 
XZM, 191 
KFE, 191 
NTT, 186 
GGB, 185 
PVI, 185 
APX, 184 
NHG, 181 
EMU, 180 
IRD, 179 
CKO, 178 
KJK, 178 
NHA, 177 
NKJ, 177 
ZDY, 174 
IOB, 172 
LWG, 172 
XJJ, 172 
FDD, 168 
DGM, 165 
ZGB, 161 
QYP, 159 
TLJ, 157 
IZM, 151 
XZZ, 149 
ZYH, 149 
ZTF, 147 
ALY, 146 
TYD, 146 
LYN, 142 
CAS, 140 
BED, 139 
TCT, 139 
XXQ, 139 
KZZ, 137 
AGB, 134 
TPB, 134 
LHA, 132 
MBZ, 132 
QUL, 130 
VBL, 129 
SOZ, 128 
XYG, 127 
GGH, 126 
ORL, 125 
SWS, 122 
TPY, 122 
BVS, 121 
LZX, 121 
BUL, 120 
ILE, 118 
XXZ, 117 
BSX, 116 
NFO, 114 
GGF, 107 
PTQ, 106 
QQP, 97 
MEU, 95 
POW, 95 
TCI, 95 
EEP, 93 
BSH, 90 
SVK, 89 
XIX, 89 
LUC, 88 
XZV, 88 
CYC, 87 
EJJ, 86 
WGE, 84 
ANK, 82 
QRZ, 82 
EVG, 76 
NIB, 76 
GIA, 75 
PFE, 75 
XOJ, 75 
HZK, 74 
HFN, 74 
KLJ, 73 
YJW, 71 
DHS, 69 
EZV, 65 
HFS, 65 
QVX, 65 
QQU, 64 
KVB, 64 
BBE, 61 
FMV, 61 
SBG, 61 
KMK, 58 
FIR, 56 
QDU, 51 
BRK, 50 
INP, 50 
DEM, 49 
UST, 48 
YEA, 48 
TTZ, 45 
XRJ, 44 
LQQ, 43 
WZE, 40 
XYW, 40 
ZNG, 40 
BUH, 39 
SNC, 39 
YQF, 39 
XUT, 38 
JKT, 36 
AAB, 35 
GKW, 34 
LHG, 34 
XIV, 34 
MLW, 33 
XVY, 33 
QEW, 32 
APC, 30 
XTI, 30 
QLQ, 29 
TYF, 28 
BHZ, 27 
SGX, 27 
BAU, 26 
QKL, 26 
FMY, 25 
PLH, 25 
XEC, 24 
IRT, 23 
QQS, 22 
REK, 22 
VSN, 21 
YJG, 21 
SAC, 19 
ANS, 18 
APF, 18 
IRM, 18 
PRT, 18 
ZDN, 18 
CDZ, 17 
JQJ, 17 
LEV, 17 
ATA, 16 
PZE, 16 
EEU, 15 
LQS, 15 
XJO, 15 
YBZ, 15 
YJI, 15 
CLB, 14 
TXB, 14 
JIU, 13 
RRR, 13 
BNH, 12 
NYS, 12 
REA, 12 
XDQ, 12 
RBS, 11 
SOO, 11 
XAX, 11 
EBV, 10 
QPA, 10 
XJV, 10 
AZN, 10 
BQD, 9 
EWV, 9 
ITT, 9 
OPF, 8 
PRY, 8 
BXN, 7 
AMR, 6 
GLO, 6 
HEV, 6 
LSZ, 6 
PCI, 6 
XQE, 6 
ZLP, 6 
ZRB, 6 
BAK, 5 
VYN, 5 
LTT, 5 
BBX, 4 
ENV, 4 
HTO, 4 
JJJ, 4 
KHZ, 4 
MOD, 4 
MTP, 4 
MVN, 4 
OVI, 4 
QPT, 4 
QQK, 4 
QSR, 4 
SBD, 4 
SRZ, 4 
VBR, 4 
VNY, 4 
ZAQ, 4 
BZO, 3 
FMN, 3 
IBD, 3 
ILG, 3 
IMR, 3 
KMC, 3 
PJA, 3 
QHX, 3 
SPK, 3 
XRE, 3 
AUW, 3 
AGE, 2 
CWI, 2 
ENW, 2 
HII, 2 
JOT, 2 
KWQ, 2 
LEE, 2 
LOU, 2 
LVK, 2 
MTH, 2 
OCF, 2 
OXR, 2 
PMD, 2 
POQ, 2 
POU, 2 
QGN, 2 
RUJ, 2 
SBS, 2 
TVL, 2 
UES, 2 
YMY, 2 
ZWS, 2 
ZXE, 2 
ZGG, 2 
LKI, 2 
NUB, 2 
HAR, 2 
ODB, 2 
VNZ, 2 
VIO, 2 
KGV, 2 
AZM, 2 
CEF, 1 
DXR, 1 
GVL, 1 
HSH, 1 
MBD, 1 
OLS, 1 
PHG, 1 
PWA, 1 
QEF, 1 
SDX, 1 
SEJ, 1 
SFQ, 1 
TOJ, 1 
WCD, 1 
XGZ, 1 
XHQ, 1 
XNE, 1 
ZMB, 1 
QYU, 1 
OKK, 1 
QKU, 1 
ZFC, 1 
XJI, 1 
RLD, 1 
WVI, 1 
QPP, 1 
XED, 1 
MUV, 1 
BZQ, 1 
